Code zone,Zone,Alimentation pour touristes_Milliers de tonnes,Aliments pour animaux_Milliers de tonnes,Autres utilisations (non alimentaire)_Milliers de tonnes,Disponibilité alimentaire (Kcal/personne/jour)_Kcal/personne/jour,Disponibilité alimentaire en quantité (kg/personne/an)_kg,Disponibilité de matière grasse en quantité (g/personne/jour)_g/personne/jour,Disponibilité de protéines en quantité (g/personne/jour)_g/personne/jour,Disponibilité intérieure_Milliers de tonnes,Exportations - Quantité_Milliers de tonnes,Importations - Quantité_Milliers de tonnes,Nourriture_Milliers de tonnes,Pertes_Milliers de tonnes,Production_Milliers de tonnes,Résidus_Milliers de tonnes,Semences_Milliers de tonnes,Traitement_Milliers de tonnes,Variation de stock_Milliers de tonnes,autoproduction,ExédentCommercial,Population2017_MillePers,EvolPopMoyenDernier5ans,RatioNourriture,Produit Intérieur Brut_Croissance annuelle US$ par habitant_%,Produit Intérieur Brut_Croissance annuelle US$_%,Produit Intérieur Brut_Valeur US $ par habitant_US$,Produit Intérieur Brut_Valeur US $_millions,Revenu national brut_Croissance annuelle US$ par habitant_%,Revenu national brut_Croissance annuelle US$_%,Revenu national brut_Valeur US $ par habitant_US$,Revenu national brut_Valeur US $_millions,"Viande, poulet, fraîche ou réfrigérée_Animaux Producteurs/Abattus_1000 têtes","Viande, poulet, fraîche ou réfrigérée_Production_tonnes","Viande, poulet, fraîche ou réfrigérée_Rendement/Poids Carcasse_0.1g/An",Production/HabitPoidsVif1000tete,Production/HabitViandePoulet1000Tonnes,Viande de Volaille_Animaux Producteurs/Abattus_1000 têtes,Viande de Volaille_Production_tonnes,Viande de Volaille_Rendement/Poids Carcasse_0.1g/An,ViandeVolailleProductiviteHabit1000TeteAbattus,ViandeVolailleProductiviteHabitTonnes,AvgDernier5ans_Volaille,ReservVolailParHabit,AvgPrixFabIndice5ans,AvgPrixFabIndice5ansViande,AvgFoodInflation5ans,Avg5ansRatioSousNutrition,NumbSousNutritionAvg5ans,DensiteAnimAVG5ans,RatioAnimAVG5ans,ReserveUGBAVG5ans,Avg5ansNumbEmploy,Avg5ansNumbEmployAnimProd,Avg5anEmployShareAgri,Avg5anAnimProdShareEmploy,Avg5ansCreditTotal,Avg5ans%credAgri,Avg5ansDependImportAlim,Avg5ansRatioSousAlim,Avg5ansStabPolit
1,Arménie,0.0,0.0,0.0,54.0,16.06,3.39,5.44,47.0,0.0,35.0,47.0,0.0,11.0,0.0,0.0,0.0,-2.0,-36.0,-35.0,2944.791,0.004048308837182102,1.0,3.6238657999999995,3.8898538,4119.5079218,12158.4074154,3.1789105999999996,3.4435804000000005,4209.817743199999,12424.7949234,10782.4,11460.0,10669.8,3.661516216261188,3.8916174356686093,10782.4,11460.0,10669.8,3.661516216261188,3.8916174356686093,4348.6,1.4767092129798007,99.12,112.362,1.0798982499999998,3.0,0.1,0.024,7.742,41422.0,546.496,,1.5459999999999998,,5866.1795324,5.362418,25.6,3.0,-0.5399999999999999
2,Afghanistan,0.0,0.0,0.0,5.0,1.53,0.33,0.54,57.0,0.0,29.0,55.0,2.0,28.0,0.0,0.0,0.0,0.0,-29.0,-29.0,36296.113,0.029837467254668404,0.96,-1.2666648000000003,1.1941897999999997,506.1572398,18806.502235800002,-1.255479,1.2058488,512.1241904000001,19028.3698558,34324.8,27459.8,8000.0,0.9456880410307298,0.7565493307782021,34324.8,27459.8,8000.0,0.9456880410307298,0.7565493307782021,13468.8,0.37108105763281046,89.03599999999999,89.03599999999999,5.078088766666667,25.18,9.360000000000001,0.0,2.004,134688.0,2714.3,,3.0,,568.2944804,3.722,323.4,25.18,-2.724
3,Albanie,0.0,0.0,0.0,85.0,16.36,6.45,6.26,47.0,0.0,38.0,47.0,0.0,13.0,0.0,0.0,0.0,4.0,-34.0,-38.0,2884.169,-0.001693332365960698,1.0,5.845372800000002,5.753297000000001,4881.5425544,14069.476553,5.227402199999999,5.135718800000001,4863.858267799999,14018.6641618,11718.8,13013.6,11116.6,4.063146091647195,4.512079562605382,11925.2,14534.2,12211.8,4.134709165794376,5.039302481928071,7731.8,2.680772173891336,82.536,90.216,3.278970983333333,4.4399999999999995,0.1,0.062,10.354,73210.0,458.77,454.332,2.118,99.03400000000002,3235.0267545999995,,22.6,4.4399999999999995,0.256
4,Algérie,0.0,0.0,0.0,22.0,6.38,1.5,1.97,277.0,0.0,2.0,264.0,13.0,275.0,0.0,0.0,0.0,0.0,-2.0,-2.0,41389.189,0.02064844744373384,0.95,-3.9808116,-2.0612472,3910.7187402000004,164878.6609526,-3.9947082000000003,-2.0753454000000002,3841.2741144,161924.82063879998,261207.2,261207.2,10000.0,6.311000681844721,6.311000681844721,266562.2,283923.8,10651.6,6.440382294033353,6.859854151768956,136219.8,3.2911927798343665,103.28200000000001,99.09799999999998,2.3076248666666666,2.6,0.5000000000000001,0.03,21.086000000000002,1360290.0,1063.056,,5.704000000000001,,,,24.0,2.6,-0.952
7,Angola,0.0,0.0,0.0,35.0,10.56,2.22,3.6,319.0,0.0,277.0,315.0,2.0,42.0,0.0,0.0,2.0,-0.0,-277.0,-277.0,29816.766,0.03467989581751363,0.99,-13.168090999999999,-10.261259599999999,3119.3847424,95265.0009958,-14.1733566,-11.3005176,2897.2530592,88427.7754986,49500.0,44550.2,9000.0,1.6601398018819344,1.4941325293293042,49500.0,44550.2,9000.0,1.6601398018819344,1.4941325293293042,40307.6,1.3518434561280053,,,24.305014583333335,17.04,5.26,0.01,9.624,403076.0,3060.82,,,,16961.2748096,,7.2,17.04,-0.384
8,Antigua-et-Barbuda,2.0,0.0,0.0,233.0,54.1,17.55,17.77,7.0,0.0,7.0,5.0,0.0,0.0,0.0,0.0,0.0,0.0,-7.0,-7.0,95.426,0.010514453557013081,0.71,0.1472998000000004,1.0683236,15725.8728946,1513.6785184,-0.06701279999999983,0.8520396000000006,15266.0877878,1469.3706732,16.4,20.0,12195.4,0.17186091840798104,0.20958648586339151,16.4,20.0,12195.4,0.17186091840798104,0.20958648586339151,159.0,1.6662125626139626,174.30599999999998,174.30599999999998,1.7503141333333332,,,0.178,15.232,1590.0,,,,,960.0910372000001,0.0256572,160.8,,0.8699999999999999
9,Argentine,0.0,0.0,0.0,182.0,42.24,13.84,13.53,1962.0,207.0,8.0,1856.0,106.0,2161.0,0.0,0.0,0.0,0.0,199.0,199.0,43937.14,0.010159747809343256,0.95,-9.9964196,-9.1261134,11510.931102,509459.99614660005,-10.3749874,-9.5083618,11148.6057556,493377.04074799997,730407.8,2132428.6,29194.4,16.62392681908745,48.53362326268847,741259.4,2177889.4,29380.4,16.870906936591687,49.56830144155946,121738.8,2.770749302298693,318.532,237.24,33.82508446666667,3.2600000000000002,1.46,0.01,2.6260000000000003,1159848.0,17.752,,0.164,,71728.49242,10.375666599999999,5.0,3.2600000000000002,0.066
10,Australie,0.0,0.0,0.0,192.0,47.65,13.45,16.6,1171.0,42.0,16.0,1171.0,0.0,1269.0,-0.0,0.0,0.0,71.0,98.0,26.0,24584.62,0.013998362376535123,1.0,1.4753482,2.772716199999999,56161.64629319999,1397904.3058716,1.3585612,2.6543527999999994,54585.57114639999,1358705.393227,644567.4,1220210.4,18931.6,26.21831860732442,49.633079543226614,658062.8,1257474.2,19109.6,26.767255300264967,51.14881580435248,101843.6,4.142573690380409,102.50999999999999,100.35199999999999,1.5992755166666666,2.5,,0.0,3.162,995332.0,328.484,,1.442,,692704.2276399999,,5.0,2.5,0.9400000000000001
11,Autriche,0.0,0.0,0.0,65.0,18.2,3.66,7.49,173.0,78.0,110.0,160.0,0.0,148.0,-0.0,0.0,12.0,8.0,-25.0,-32.0,8819.901,0.007617950545867169,0.92,1.8978396000000004,2.6595214,48304.4341822,429253.65770120005,2.066496,2.8292383999999995,48068.0551098,427154.82565320004,90257.4,120640.0,13378.8,10.233380170593751,13.678158065493026,92054.2,137541.4,14957.0,10.437101278120922,15.594438078159834,17408.0,1.973718299105625,97.048,112.008,1.5947455166666666,2.5,,0.06,6.1259999999999994,167378.0,167.514,155.1,0.8779999999999999,92.86599999999999,420284.24002,,7.0,2.5,0.9259999999999999
12,Bahamas,0.0,0.0,9.0,182.0,43.17,13.33,14.61,26.0,0.0,24.0,16.0,0.0,6.0,0.0,0.0,0.0,4.0,-20.0,-24.0,381.755,0.009786817859099461,0.62,-3.8427166,-2.8818512000000003,31278.507168600005,12052.423352599999,-4.0591936,-3.1005345999999996,29675.004219399998,11434.1415024,5448.8,6558.6,12036.6,14.273028513051566,17.180128616521067,5448.8,6558.6,12036.6,14.273028513051566,17.180128616521067,3146.0,8.240887480190175,,,0.6328235666666666,,,2.2479999999999998,89.66,31460.0,6.04,,,,,,78.4,,0.9
14,Barbade,3.0,0.0,0.0,199.0,46.78,14.85,15.33,17.0,0.0,2.0,13.0,0.0,15.0,-0.0,0.0,0.0,0.0,-2.0,-2.0,286.232,0.0016981283630931876,0.76,-1.0162222,-0.8735326000000004,17219.333552599997,4935.1718968000005,-0.9341342000000005,-0.7913178000000002,16485.8586248,4724.9763912,9738.8,15827.0,16251.6,34.02414824338298,55.29430671623019,9773.8,16020.0,16392.2,34.14642667486514,55.96858492411749,4485.0,15.669107577070347,106.01399999999998,106.14199999999998,5.97829795,3.9799999999999995,0.1,4.412000000000001,73.11600000000001,44110.0,3.778,3.2019999999999995,1.918,,2943.9159446000003,0.1242626,69.8,3.9799999999999995,1.008
16,Bangladesh,0.0,0.0,0.0,7.0,1.5,0.51,0.47,250.0,0.0,0.0,240.0,10.0,249.0,0.0,0.0,0.0,-0.0,-1.0,0.0,159685.424,0.011143775132285483,0.96,9.967810000000002,11.1303076,1690.1384355999999,273222.4462808,9.611531600000001,10.770092799999999,1770.3441269999998,286179.89006740006,285925.4,200057.2,6996.8,1.7905541585310882,1.2528206707207041,341064.2,255196.0,7482.2,2.135850545758015,1.598117057947631,337634.0,2.11436956199584,112.73799999999999,112.73799999999999,5.8440085999999996,11.94,19.259999999999998,0.29000000000000004,13.048000000000002,2818452.0,24833.697999999997,23729.989999999998,20.1,94.936,101289.35291799999,,20.0,11.94,-1.074
19,Bolivie (État plurinational de),0.0,0.0,0.0,155.0,36.0,11.91,11.43,429.0,1.0,1.0,403.0,27.0,533.0,0.0,0.0,0.0,103.0,104.0,0.0,11192.855,0.015080795888951448,0.94,0.8913187999999999,2.3419366000000004,3332.309387,37841.1089812,1.1478879999999996,2.6023316000000003,3253.667006,36948.060326,177241.0,482609.6,27226.4,15.835191289443133,43.1176496077185,178269.4,485532.4,27233.0,15.927071332559924,43.37878048094075,223116.8,19.933859591677013,119.904,119.26799999999999,2.8502887000000006,12.7,1.44,0.057999999999999996,19.566000000000003,2222454.0,1596.134,1519.172,4.964,98.28399999999999,24822.061856,9.312891200000001,8.0,12.7,-0.404
20,Botswana,-0.0,0.0,0.0,12.0,3.39,0.71,1.19,7.0,0.0,3.0,7.0,0.0,5.0,0.0,0.0,0.0,0.0,-2.0,-3.0,2205.08,0.016850536483142387,1.0,0.17078380000000024,2.2606373999999994,7619.7885754,17171.8548274,-0.8126348,1.2593913999999997,7013.1292730000005,15805.7824688,4883.2,4022.4,8268.8,2.214522829103706,1.8241515047073122,4883.2,4022.4,8268.8,2.214522829103706,1.8241515047073122,813.8,0.36905690496489924,,,2.1483246666666664,21.380000000000003,0.48,0.0,1.044,8138.0,,,,,5443.814629999999,2.194455,11.0,21.380000000000003,1.036
21,Brésil,0.0,0.0,0.0,204.0,48.03,15.34,15.68,9982.0,4223.0,3.0,9982.0,0.0,14201.0,-0.0,0.0,0.0,0.0,4219.0,4220.0,207833.823,0.00834849054648229,1.0,-4.2616656,-3.5122044000000003,8704.6650338,1821377.8891826,-4.282557199999999,-3.5333579999999998,8505.788197400001,1779746.1162841998,5842652.2,13531613.2,23164.4,28.112133605895323,65.10784916851574,5929588.6,14096865.2,23778.0,28.53043125709139,67.82757972940718,1468979.4,7.068047822033279,88.078,75.142,5.65827405,2.84,3.08,0.06,7.814,14353984.0,,,,,594860.3858399999,1.2849051999999999,4.0,2.84,-0.484
23,Belize,1.0,0.0,8.0,110.0,25.69,8.37,8.26,19.0,0.0,0.0,10.0,0.0,20.0,0.0,0.0,0.0,1.0,1.0,0.0,375.769,0.021058942133395653,0.53,-3.2632565999999996,-1.3677452000000003,4737.1143044,1812.0365502,-3.9544664000000003,-2.072635,4365.8629798,1669.5668377999998,11589.8,19382.6,16728.6,30.842884857452315,51.58115757287056,11640.4,19644.0,16880.0,30.977542053761752,52.27679771348887,1711.4,4.554393789801713,118.83599999999998,119.648,0.03927775000000004,7.0200000000000005,0.1,0.1,16.046,16476.0,26.802,,12.452000000000002,,1066.5700000000002,9.575431599999998,30.0,7.0200000000000005,0.134
25,Îles Salomon,-0.0,0.0,0.0,18.0,4.45,1.31,1.51,3.0,0.0,6.0,3.0,0.0,0.0,0.0,0.0,0.0,3.0,-3.0,-6.0,636.039,0.02718354941324197,1.0,0.8200232,3.4786035999999996,2312.9899824,1510.6002882,1.6513877999999997,4.331217,2289.6623798,1496.2533064,351.4,281.2,8002.2,0.5524818446667579,0.44211125418409875,351.4,281.2,8002.2,0.5524818446667579,0.44211125418409875,242.4,0.3811087055982416,,,0.6274516,17.860000000000003,0.1,0.02,10.67,2424.0,,,,,,,24.4,17.860000000000003,0.44399999999999995
27,Bulgarie,0.0,0.0,0.0,81.0,22.06,4.9,8.74,157.0,45.0,108.0,157.0,0.0,107.0,0.0,0.0,1.0,13.0,-50.0,-63.0,7102.444,-0.006497914366075774,1.0,7.4254374,6.665255,9038.528212000001,63663.3974714,7.672712199999999,6.910945799999999,8853.8261006,62365.0655778,50942.4,87329.6,17143.6,7.1725169533191675,12.295711166466079,56755.2,108697.4,19152.6,7.990939456896808,15.304224855556761,20332.4,2.8627328846239406,82.74600000000001,81.002,3.308457733333333,3.06,0.21999999999999997,0.038000000000000006,21.738,184824.0,210.348,179.38400000000001,4.598,86.02,32324.482848000003,,9.4,3.06,0.384
28,Myanmar,0.0,0.0,0.0,116.0,30.37,8.11,9.93,1666.0,0.0,3.0,1621.0,45.0,1662.0,0.0,0.0,0.0,-1.0,-4.0,-3.0,53382.523,0.007296968681940463,0.97,1.3855894,2.0420195999999997,1315.4148452000002,70671.91174679999,0.9321327999999998,1.5855016,1302.184477,69956.826143,1212019.2,1516783.0,12544.6,22.704419571926188,28.413475324124338,1351392.0,1692306.2,12543.6,25.315251585242606,31.701502755873864,370844.6,6.946929053915267,98.60400000000001,98.60400000000001,5.674991,2.94,3.2600000000000002,0.262,14.292000000000002,3381798.0,11072.072,10464.312000000002,30.928000000000004,94.506,,,16.6,2.94,-1.198
32,Cameroun,0.0,0.0,0.0,11.0,3.16,0.67,1.07,82.0,0.0,0.0,78.0,4.0,81.0,0.0,0.0,0.0,-0.0,-1.0,0.0,24566.073,0.027063951873965153,0.95,2.5760406,5.2890516000000005,1466.7411376,37047.012946799994,2.5605198000000002,5.2730255999999995,1440.6212337999998,36388.1979668,101306.4,81044.8,8000.0,4.123833711639626,3.299053943216728,101306.4,81044.8,8000.0,4.123833711639626,3.299053943216728,53095.0,2.161314101769542,101.828,102.318,1.7568211833333336,6.56,1.6400000000000001,0.054000000000000006,10.916,530950.0,,,,,,,25.0,6.56,-1.33
33,Canada,0.0,0.0,0.0,154.0,39.02,10.54,13.86,1433.0,163.0,182.0,1433.0,0.0,1417.0,-0.0,0.0,0.0,3.0,-16.0,-19.0,36732.095,0.01001645175766308,1.0,0.27673940000000014,1.2146887999999998,44693.1236744,1657040.6858576,0.36269659999999976,1.3014397999999998,44106.725784199996,1635307.8728674,745881.0,1270516.6,17027.4,20.305974924653768,34.58873227895115,770607.0,1449699.8,18810.2,20.97911921440909,39.466842280572344,177796.8,4.8403664424803425,99.27799999999999,97.494,1.38992085,2.5,1.6400000000000001,0.03,9.94,1702830.0,295.63199999999995,,0.778,,1170530.4743,1.7772531999999999,7.0,2.5,1.094
35,Cabo Verde,0.0,0.0,0.0,62.0,17.62,3.75,6.52,10.0,0.0,12.0,9.0,0.0,1.0,0.0,0.0,0.0,4.0,-9.0,-12.0,537.498,0.01234884854530488,0.9,0.5218458000000001,1.6939984,3341.6251678,1816.968664,0.8686833999999994,2.044888,3250.7611992,1767.7325786000001,594.8,764.2,12696.4,1.1066087687768138,1.4217727321776081,594.8,764.2,12696.4,1.1066087687768138,1.4217727321776081,1000.0,1.8604720389657263,105.66,109.16399999999999,0.5351227833333334,16.16,0.1,0.13,16.921999999999997,10000.0,22.676000000000002,,3.56,,510.88582299999996,0.059966,351.6,16.16,0.8520000000000001
37,République centrafricaine,0.0,0.0,0.0,8.0,2.29,0.48,0.78,11.0,0.0,4.0,11.0,0.0,7.0,0.0,0.0,0.0,-0.0,-4.0,-4.0,4596.023,0.008226934174651368,1.0,5.084743,6.606038000000001,455.5472528,2132.148079,6.262737799999999,7.7995884,481.65174559999997,2255.1082958,7218.8,6522.2,9031.6,1.5706622878083942,1.4190964666625907,7218.8,6522.2,9031.6,1.5706622878083942,1.4190964666625907,7000.0,1.5230559116000941,,,,48.58,2.2600000000000002,0.01,2.162,69878.0,,,,,,,57.0,48.58,-2.06
38,Sri Lanka,0.0,0.0,0.0,26.0,7.78,1.64,2.64,192.0,2.0,0.0,164.0,10.0,192.0,-0.0,0.0,18.0,-1.0,0.0,2.0,21128.032,0.005579023066139166,0.85,-0.38214439999999994,0.09607259999999984,3981.5913463999996,84491.9740722,-0.4229079999999998,0.055083799999999704,3873.125669,82190.0097188,151950.0,195550.4,12879.6,7.19186718384372,9.255495258621343,151963.2,195567.4,12879.6,7.192491946244687,9.256299876865011,21522.6,1.018675094774563,158.07,116.35,5.46847895,4.04,0.86,0.078,22.95,215104.0,2096.326,1974.39,13.65,94.17999999999999,32917.03166,7.7848096,17.6,4.04,-0.098
39,Tchad,0.0,0.0,0.0,2.0,0.45,0.1,0.15,7.0,0.0,1.0,7.0,0.0,6.0,0.0,0.0,0.0,-0.0,-1.0,-1.0,15016.753,0.032363727137074194,1.0,-3.6890908000000002,-0.7205686000000002,705.2945867999999,10916.8778428,-3.4002141999999997,-0.4225106,694.5832562,10751.4673902,7966.4,6469.4,8120.4,0.5305008346344912,0.43081217357707086,7966.4,6469.4,8120.4,0.5305008346344912,0.43081217357707086,6138.2,0.4087568064814011,,85.66,-1.0365749333333334,30.46,4.76,0.0,0.21600000000000003,61382.0,,,,,,,7.0,30.46,-1.334
40,Chili,0.0,0.0,0.0,153.0,36.36,11.22,12.21,672.0,115.0,155.0,672.0,0.0,712.0,0.0,0.0,0.0,80.0,40.0,-40.0,18470.439,0.01255231531462142,1.0,-0.23075899999999977,1.0257207999999998,14522.795755399999,271474.4003018,-0.5229602,0.7296948000000004,13948.1091652,260719.7090204,291455.2,660972.6,22677.0,15.77954914877768,35.78542989692882,299914.2,748624.8,24966.2,16.23752418662058,40.53096951296069,138957.4,7.523232122420047,104.71000000000001,106.15799999999999,3.6417226166666667,2.78,0.52,0.07,25.615999999999996,1104476.0,729.0859999999999,,7.928000000000002,,,,7.8,2.78,0.268
41,"Chine, continentale",0.0,0.0,0.0,59.0,12.33,4.67,3.96,18161.0,576.0,452.0,17518.0,643.0,18236.0,-1.0,0.0,1.0,-50.0,75.0,124.0,1421021.791,0.005193065208052905,0.96,5.493820999999999,5.9769036,9305.707115000001,13288295.336322,5.528483200000001,6.011803,9255.532558,13216752.9424868,9969007.0,14165722.8,14239.0,7.015379400328985,9.968687946742403,12980208.6,20008319.2,15443.0,9.13441910758144,14.080233904027443,5969638.2,4.200947682722763,113.02799999999999,130.82,4.222714999999999,2.5,0.1,0.096,20.157999999999998,49486796.0,194170.0,,,,12398202.66,,4.4,2.5,
44,Colombie,0.0,0.0,0.0,111.0,31.99,7.69,9.57,1643.0,2.0,78.0,1565.0,78.0,1564.0,0.0,0.0,0.0,-4.0,-79.0,-76.0,48909.839,0.012738073267845262,0.95,-2.4628588,-1.1054834000000002,6146.9643176,304736.7486792,-2.6505426,-1.2962560000000003,6024.487798200001,298642.8824886,883869.6,1597030.2,18214.0,18.071406859466457,32.65253439088197,883869.6,1597030.2,18214.0,18.071406859466457,32.65253439088197,176710.6,3.612986744855161,128.084,108.172,5.0405216,6.7,3.34,0.038000000000000006,7.897999999999999,1767106.0,3541.4840000000004,3376.0880000000006,10.639999999999999,95.33,,,12.8,6.7,-0.8140000000000001
46,Congo,0.0,0.0,0.0,72.0,21.53,4.47,7.45,110.0,0.0,104.0,110.0,0.0,7.0,0.0,0.0,0.0,-0.0,-103.0,-104.0,5110.695,0.025403184183463545,1.0,-4.362888199999999,-1.8840522000000004,2179.711028,11429.824593399999,-7.395343600000001,-4.995870200000001,1875.0593442000002,9816.2103392,6734.6,6734.6,10000.0,1.317746412180731,1.317746412180731,6734.6,6734.6,10000.0,1.317746412180731,1.317746412180731,2946.0,0.5764382339388283,102.63399999999999,102.308,0.28675018333333335,29.1,1.5000000000000002,0.0,10.954,29460.0,,,,,,,6.8,29.1,-0.6399999999999999
48,Costa Rica,3.0,0.0,0.0,92.0,26.52,6.36,7.93,134.0,3.0,17.0,131.0,0.0,133.0,0.0,0.0,0.0,13.0,-1.0,-14.0,4949.954,0.010781949535505375,0.98,0.7740442,1.7790621999999998,12290.374194799999,61434.156987400005,0.4765061999999999,1.4784989999999998,11643.228040599999,58195.1707132,71260.4,135893.2,19067.4,14.396174186669208,27.453426839926195,71260.4,135893.2,19067.4,14.396174186669208,27.453426839926195,24407.2,4.930793296260935,99.206,99.206,0.7629627333333333,3.3600000000000003,0.2,0.14,16.625999999999998,244072.0,351.146,246.262,10.598,96.274,27593.117926,3.7514531999999994,16.6,3.3600000000000003,0.5900000000000001
49,Cuba,3.0,0.0,70.0,82.0,23.72,5.7,7.12,342.0,0.0,312.0,269.0,0.0,29.0,0.0,0.0,0.0,-1.0,-313.0,-312.0,11339.254,0.001250479447292674,0.79,4.245718200000001,4.2494502,8805.9899176,99810.2,4.221607999999999,4.2253172,8682.7631798,98413.5045442,19257.8,28090.2,14523.6,1.6983304192674402,2.477252912757753,19257.8,28090.2,14523.6,1.6983304192674402,2.477252912757753,29637.2,2.6136816407851873,100.3,100.3,,2.5,1.36,0.048,7.661999999999999,296372.0,939.3099999999998,,12.25,,,,78.0,2.5,0.638
50,Chypre,2.0,0.0,5.0,91.0,25.08,5.54,9.58,38.0,1.0,14.0,30.0,1.0,25.0,-0.0,0.0,0.0,0.0,-13.0,-13.0,1179.678,0.007736760277328669,0.79,3.9186628,4.572931199999999,27750.7438836,23940.8808852,2.8513886,3.4989842,26551.0223032,22904.0880772,12761.8,25477.0,19963.4,10.818036786309483,21.596571267752722,13164.0,25748.6,19559.6,11.158977280240878,21.82680358538516,2760.8,2.3402996410885004,98.424,98.66999999999999,0.4386148499999999,2.5,0.1,0.22199999999999998,13.216,27046.0,10.59,9.374,1.4,89.78999999999999,,,27.0,2.5,0.4960000000000001
52,Azerbaïdjan,0.0,0.0,0.0,44.0,13.11,2.77,4.45,129.0,0.0,27.0,129.0,0.0,104.0,0.0,0.0,0.0,2.0,-25.0,-27.0,9845.32,0.012030380192190548,1.0,-3.9571044,-2.9505838,4354.4304098,43325.506024999995,-3.3056778,-2.2934513999999995,4188.994401999999,41688.1798604,90914.2,107276.8,11799.4,9.234255463509566,10.896222773866162,90914.2,107276.8,11799.4,9.234255463509566,10.896222773866162,31375.6,3.1868542617202893,129.622,121.33399999999999,8.201157466666666,2.5,,0.062,10.774,302772.0,1760.2740000000001,,,,8468.387939799999,3.4785353999999997,8.6,2.5,-0.736
53,Bénin,0.0,0.0,0.0,37.0,14.4,1.71,4.98,161.0,0.0,123.0,161.0,0.0,18.0,0.0,0.0,0.0,-20.0,-143.0,-123.0,11175.198,0.02804937889825837,1.0,3.1785054,6.0350512,1187.88681,13676.377230399998,3.252409,6.1110358,1175.799563,13536.981472399999,26500.0,14575.0,5500.0,2.3713226378628818,1.3042274508245848,26500.0,14575.0,5500.0,2.3713226378628818,1.3042274508245848,21325.0,1.908243594431168,,,0.6701851166666667,7.74,0.8800000000000001,0.054000000000000006,11.620000000000001,213250.0,,,,,2249.8740436,3.0540864,53.2,7.74,-0.192
54,Danemark,0.0,0.0,0.0,112.0,28.98,6.34,12.97,167.0,139.0,133.0,166.0,0.0,173.0,0.0,0.0,1.0,0.0,6.0,6.0,5732.274,0.004147943029488899,0.99,2.9907358000000004,3.362965,59298.3239456,341144.88528539997,3.0539514,3.42633,60929.234236599994,350533.5679592,102842.2,154844.2,15057.2,17.940907918916643,27.012700369870664,103102.8,155704.4,15102.2,17.986369807165534,27.162762980276238,20761.4,3.621843617384654,95.90400000000001,96.902,0.99739015,2.5,,0.08,4.316,205816.0,61.592,55.624,1.406,91.36,,,8.0,2.5,0.9259999999999999
55,Dominique,2.0,0.0,0.0,150.0,35.19,11.26,11.52,4.0,0.0,4.0,3.0,0.0,0.0,0.0,0.0,0.0,0.0,-4.0,-4.0,71.458,0.0015524590918907788,0.75,-0.9129806000000003,-0.6908920000000002,7733.4433825999995,553.9703704,0.5524761999999999,0.7780656000000004,7589.9405424,543.7336448,363.6,363.6,10000.0,5.08830361890901,5.08830361890901,363.6,363.6,10000.0,5.08830361890901,5.08830361890901,200.0,2.798846875087464,,,0.8991831999999998,6.040000000000001,0.1,0.08,15.062000000000001,2000.0,,,,,357.32377759999997,0.126666,191.4,6.040000000000001,1.1440000000000001
56,République dominicaine,5.0,0.0,0.0,123.0,35.26,8.46,10.88,375.0,6.0,42.0,371.0,0.0,339.0,0.0,0.0,0.0,0.0,-36.0,-36.0,10513.104,0.01137062465989458,0.99,1.2299707999999998,2.3234766000000002,7697.8124548000005,81804.3746968,1.0831627999999998,2.1750572000000004,7341.2057888,78012.92191339999,204155.4,336205.8,16465.4,19.419136346411108,31.97968934769408,204155.4,336205.8,16465.4,19.419136346411108,31.97968934769408,180483.8,17.167508282996153,109.03600000000002,85.04799999999999,3.6650233,6.5600000000000005,0.68,0.7440000000000001,43.122,1804838.0,405.098,391.726,3.472,96.686,21679.702968,,22.4,6.5600000000000005,0.12200000000000003
57,Bélarus,0.0,0.0,0.0,95.0,27.98,6.06,9.41,265.0,152.0,21.0,264.0,0.0,463.0,0.0,0.0,1.0,67.0,198.0,131.0,9450.231,0.0007082568716696991,1.0,1.9288746000000003,1.9500978000000004,6077.0576576,57429.806013,2.0214546000000007,2.0428141999999996,5846.4926498,55250.982583599995,440992.2,466604.2,10584.4,46.664700577160495,49.374898878133244,442319.2,469416.4,10616.4,46.80512042509861,49.6724789055421,49283.4,5.2150471242449,115.854,112.44199999999998,6.494865300000001,2.5,0.1,0.052000000000000005,11.947999999999999,459072.0,525.072,438.884,10.648,83.63199999999999,15953.892896,,10.8,2.5,0.008000000000000007
58,Équateur,0.0,0.0,0.0,83.0,19.31,6.35,6.15,341.0,0.0,0.0,324.0,17.0,340.0,0.0,0.0,0.0,-1.0,-1.0,0.0,16785.361,0.016731415854309095,0.95,-1.6714870000000002,0.00990959999999994,6078.488729999999,103742.31700000001,-1.8977983999999999,-0.22040760000000006,5922.758774999999,101075.52579999999,156142.8,329514.0,21103.6,9.302320039467723,19.63103444721862,157561.6,331631.2,21048.0,9.386846073790132,19.75716816576063,160433.8,9.557959462414898,66.638,102.114,0.44629758333333347,12.22,2.1,0.292,31.482,1596546.0,2198.1459999999997,2099.282,19.880000000000003,95.46200000000002,1718.2470846,,6.4,12.22,-0.16799999999999998
59,Égypte,0.0,0.0,0.0,50.0,12.96,3.42,4.51,1250.0,1.0,110.0,1250.0,0.0,1118.0,-1.0,0.0,0.0,-23.0,-132.0,-109.0,96442.591,0.021994438314559106,1.0,3.6222629999999993,5.7372863999999995,2838.4877366,280361.5860408,3.1454641999999997,5.2506404,2768.855778,273404.1750778,985321.0,1303081.8,13293.0,10.216658322669907,13.511476480344665,1069615.4,1431369.8,13444.4,11.090695396186524,14.841677159005403,182207.4,1.8892835427866097,184.622,141.76399999999998,15.22314856666667,4.9,4.8,0.422,22.694,1637940.0,5890.196000000001,5748.415999999999,13.687999999999999,97.554,81720.031852,1.5247432,46.0,4.9,-1.272
60,El Salvador,0.0,0.0,0.0,71.0,20.43,4.9,6.25,131.0,2.0,16.0,131.0,0.0,136.0,0.0,0.0,0.0,20.0,5.0,-14.0,6388.126,0.0048345574666048274,1.0,0.6148856000000003,1.1221864,3947.0461404000002,25345.371628400004,0.4798297999999999,0.9864724000000002,3736.6357829999993,23994.319435400004,114879.4,142996.4,12447.8,17.983270837175095,22.384718147387822,114879.4,142996.4,12447.8,17.983270837175095,22.384718147387822,17400.0,2.7238035066935122,100.96399999999998,107.65800000000002,0.5783207000000001,8.7,0.54,0.14600000000000002,20.452000000000005,174000.0,532.43,,,,13755.083672000002,,30.8,8.7,-0.176
63,Estonie,0.0,0.0,0.0,86.0,21.26,6.03,7.27,29.0,11.0,21.0,28.0,1.0,20.0,0.0,0.0,0.0,2.0,-9.0,-10.0,1319.39,6.347981259768876e-05,0.97,5.986294,6.1696256,21650.289069,28633.250200799997,6.247893599999999,6.431552399999999,21241.931883,28093.5094308,11573.0,20389.2,17719.0,8.77147772834416,15.453505028839084,11511.2,20389.2,17719.0,8.72463790084812,15.453505028839084,2104.8,1.5952826685059005,95.04,93.596,2.79425685,2.5,,0.02,8.129999999999999,20886.0,22.157999999999998,15.664000000000001,2.6580000000000004,71.446,8354.1873496,,8.4,2.5,0.65
66,Fidji,1.0,0.0,0.0,97.0,28.02,6.26,9.44,26.0,0.0,3.0,25.0,0.0,23.0,-0.0,0.0,0.0,1.0,-3.0,-3.0,877.459,0.0034069640634703524,0.96,-0.9450984000000006,-0.32502680000000056,5851.822723200001,5171.0952138,-1.4486039999999996,-0.8319076000000003,5425.6338188,4794.083825,11985.0,28648.2,23833.2,13.658757845095897,32.64904685005226,12314.8,29130.6,23587.4,14.03461586239357,33.19881612702132,5516.4,6.286789468225866,143.95999999999998,151.542,2.005740666666666,5.72,0.1,0.17,26.956,53328.0,100.1,90.24,7.860000000000001,90.15,,,34.8,5.72,0.7859999999999999
67,Finlande,0.0,0.0,0.0,68.0,18.76,3.76,7.87,111.0,12.0,16.0,103.0,0.0,129.0,-0.0,0.0,8.0,22.0,18.0,-4.0,5511.371,0.003311032734831798,0.93,2.6923014000000003,2.915458,47469.29136620001,262100.951731,2.835499,3.0586794000000004,47769.4117342,263760.8367398,74817.4,126596.4,16925.8,13.575097738838483,22.970037763743356,75669.0,134772.2,17817.4,13.729614645793216,24.453479905453655,9078.4,1.6472126445488788,96.51199999999999,97.188,0.55156145,2.5,0.1,0.04,7.2780000000000005,88020.0,94.00200000000001,69.97,1.356,75.442,90453.47841399998,,6.2,2.5,0.9560000000000001
68,France,0.0,0.0,0.0,92.0,22.9,6.03,8.95,1573.0,501.0,506.0,1485.0,0.0,1750.0,-2.0,0.0,89.0,183.0,177.0,-5.0,64842.509,0.003692921378895986,0.94,1.3369173999999997,1.6155699999999995,39342.7182022,2643316.3018376,1.2302032,1.5086028,40163.572609799994,2698451.8350738,805924.4,1138215.6,14140.8,12.428951507721578,17.553540378889412,920542.8,1705826.0,18542.8,14.19659439766589,26.30721769264049,284723.6,4.391002205050394,96.834,98.97600000000001,1.6173909666666666,2.5,0.1,0.082,10.254,2414938.0,680.888,630.5020000000001,1.158,92.598,1158048.4438200002,,9.0,2.5,0.164
70,Polynésie française,2.0,0.0,0.0,167.0,47.4,10.86,16.2,15.0,0.0,15.0,13.0,0.0,1.0,0.0,0.0,0.0,0.0,-14.0,-15.0,276.102,0.005297578806001513,0.87,1.3458062000000002,1.9165674000000004,21319.7427216,5921.4343172,1.3458062000000002,1.9165674000000004,21319.7427216,5921.4343172,697.4,627.6,8999.0,2.525878117507298,2.2730729947628054,729.8,660.0,9043.6,2.6432260541394124,2.3904209313949196,348.4,1.2618525037848332,,,1.0007445333333334,4.0,0.1,0.07,18.992,3180.0,,,,,,,249.0,4.0,
72,Djibouti,0.0,0.0,0.0,9.0,2.68,0.59,0.92,3.0,0.0,3.0,3.0,0.0,0.0,0.0,0.0,0.0,0.0,-3.0,-3.0,944.099,0.01678291021693401,1.0,5.31346,6.9658076,3103.004489,2979.7211455999995,3.5257283999999998,5.1503976,3142.3523142000004,3015.3121368,,,,,,,,,,,,,,,3.75292665,13.360000000000003,0.1,,,,,,,,,,36.4,13.360000000000003,-0.43600000000000005
73,Géorgie,0.0,0.0,0.0,51.0,15.27,3.21,5.19,61.0,5.0,51.0,61.0,0.0,22.0,-0.0,0.0,0.0,6.0,-39.0,-46.0,4008.716,-0.0024780105357346816,1.0,1.5996105999999994,1.4229360000000004,4115.1621144,16470.490255,1.1055221999999998,0.9299702,3929.571014,15727.675372000002,13826.4,22580.0,16374.8,3.4490844449943574,5.6327262894153645,13826.4,22997.0,16675.8,3.4490844449943574,5.736749622572415,8823.6,2.2011037948310634,106.266,112.37800000000001,5.88135805,7.92,0.3,0.032,10.354,83630.0,693.7900000000001,691.688,2.3880000000000003,99.696,797.1703166,,32.0,7.92,-0.40800000000000003
74,Gabon,0.0,0.0,18.0,99.0,29.33,5.98,10.59,78.0,0.0,76.0,61.0,0.0,4.0,0.0,0.0,0.0,2.0,-74.0,-76.0,2064.823,0.03247547469330109,0.78,-1.3499558000000003,1.3214788,7346.057872200001,15561.319121000002,-1.0655726,1.6145706,6821.233840999999,14449.3414496,4955.0,3964.0,8000.0,2.3997214289069815,1.9197771431255852,4955.0,3964.0,8000.0,2.3997214289069815,1.9197771431255852,3229.4,1.5640081498511011,,,1.5647960833333334,16.400000000000002,0.36,0.01,24.876,32294.0,,,,,10.672694,5.217758,8.6,16.400000000000002,-0.12
75,Gambie,0.0,0.0,0.0,12.0,3.53,0.75,1.24,8.0,0.0,16.0,8.0,0.0,2.0,0.0,0.0,0.0,10.0,-6.0,-16.0,2213.889,0.03043243883427177,1.0,2.826528,5.8991778,724.3670472,1655.8325068,2.9341586000000004,6.010097200000001,711.2586448,1625.8817564,1600.4,1600.4,10000.0,0.7228908043718543,0.7228908043718543,1600.4,1600.4,10000.0,0.7228908043718543,0.7228908043718543,1402.2,0.6333650874095313,134.198,121.162,7.328003750000001,15.3,0.34,0.02,4.418000000000001,14022.0,295.378,157.96,6.436,97.95,117.2714192,4.753039800000001,152.0,15.3,-0.02200000000000002
79,Allemagne,0.0,0.0,0.0,71.0,19.47,4.16,7.96,1739.0,646.0,842.0,1609.0,0.0,1514.0,-38.0,0.0,167.0,-29.0,-225.0,-196.0,82658.409,0.0045398917172660425,0.93,2.3429113999999998,2.8405023999999996,45430.4272948,3774075.4654582003,2.4549289999999995,2.9533332000000008,46717.7160602,3881073.7157848002,626135.2,1026327.0,16394.4,7.5749728016177995,12.416486264573518,678091.6,1537252.8,22675.0,8.203540428657416,18.597657741029106,174917.0,2.116142835509936,94.904,81.85400000000001,1.8651849500000004,2.5,0.5000000000000001,0.1,7.970000000000001,1597298.0,529.3140000000001,479.36,0.7539999999999999,93.08599999999998,1692647.857,,5.0,2.5,0.6199999999999999
80,Bosnie-Herzégovine,0.0,0.0,0.0,56.0,16.7,3.51,5.66,55.0,8.0,10.0,56.0,0.0,61.0,-1.0,0.0,0.0,8.0,6.0,-2.0,3351.525,-0.013762782355106917,1.02,5.1259718,4.193811800000001,5723.438641400001,19036.239153000002,4.964421799999999,4.0346582,5707.022653,18981.5593286,40337.2,62682.6,15531.0,12.035476387614592,18.702709960391164,40347.2,62803.2,15557.0,12.038460103982514,18.738693579788304,16360.6,4.881539000902574,85.902,91.128,0.5429304833333333,2.5,,0.07400000000000001,23.804000000000002,161808.0,142.368,127.224,3.3600000000000003,89.58000000000001,4236.617520000001,,24.4,2.5,-0.41600000000000004
81,Ghana,0.0,0.0,0.0,16.0,7.24,0.73,2.26,211.0,0.0,151.0,211.0,0.0,60.0,0.0,0.0,0.0,0.0,-151.0,-151.0,29121.465,0.02282588542155184,1.0,4.2965174,6.608248399999999,2151.7843602000003,64146.1770604,4.1188868,6.4265766,2105.0251961999998,62752.1788294,90801.8,63543.8,7007.0,3.1180368157989307,2.182026213310354,90801.8,63543.8,7007.0,3.1180368157989307,2.182026213310354,83173.6,2.8560925763865246,105.02799999999999,105.02799999999999,8.46761075,6.06,1.8200000000000003,0.068,25.877999999999997,831736.0,3110.56,2954.3,4.77,94.98,8844.760948400002,,13.6,6.06,0.038
83,Kiribati,-0.0,0.0,0.0,63.0,17.98,3.81,6.65,2.0,0.0,1.0,2.0,0.0,1.0,0.0,0.0,0.0,0.0,-1.0,-1.0,114.158,0.01421797147390047,1.0,-0.1135282,1.3742986,1591.2755834,184.35665360000002,-1.9128709999999998,-0.4519476000000003,3026.9762358,350.8751178,1040.6,929.2,8928.4,9.115436500289071,8.139595998528355,1040.6,929.2,8928.4,9.115436500289071,8.139595998528355,635.2,5.564218013630232,,,0.48682950000000014,3.7600000000000002,0.1,0.186,68.676,6352.0,,,,,,,262.2,3.7600000000000002,0.9960000000000001
84,Grèce,0.0,0.0,15.0,53.0,15.32,2.89,6.32,178.0,29.0,79.0,162.0,0.0,246.0,0.0,0.0,1.0,118.0,68.0,-50.0,10569.45,-0.004005392362701282,0.91,-0.13017839999999997,-0.5769958,18989.4930158,199778.0569682,-0.21439379999999986,-0.6608966000000001,18857.3038452,198387.8607732,138314.2,236023.2,17069.8,13.086224921826584,22.330698380710444,138816.6,238457.8,17183.8,13.133758142571278,22.561041492225232,37153.6,3.515187639848809,96.646,90.406,0.35542535000000003,2.5,,0.06,16.034,369414.0,448.62399999999997,431.20799999999997,1.8,96.11,86207.612708,1.6278783999999997,17.2,2.5,0.05800000000000001
86,Grenade,3.0,0.0,0.0,192.0,45.7,13.99,15.5,8.0,0.0,7.0,5.0,0.0,1.0,-0.0,0.0,0.0,-0.0,-7.0,-7.0,110.874,0.006191778173262608,0.62,0.6963371999999997,1.2307532,10070.9764072,1122.1476914,1.0417915999999994,1.5784029999999998,9113.6145366,1015.4609728000001,550.0,528.8,9614.6,4.960585890289879,4.769377852336887,550.0,528.8,9614.6,4.960585890289879,4.769377852336887,271.8,2.4514313545105257,,96.384,0.17020616666666677,,,0.34,32.014,2718.0,,,,,621.6998518,1.3035406,215.2,,1.0000000000000002
89,Guatemala,0.0,0.0,0.0,71.0,20.58,4.95,6.11,357.0,7.0,129.0,348.0,12.0,235.0,-3.0,0.0,0.0,-0.0,-122.0,-122.0,16914.97,0.02050658200542449,0.97,2.5478244000000005,4.5665428,4235.2516946000005,73108.1503748,2.6667490000000003,4.6878372,4151.5137414,71664.64987620001,141166.6,232004.2,16445.6,8.345660678085743,13.715909635074729,141166.6,232004.2,16445.6,8.345660678085743,13.715909635074729,36164.2,2.1379996535613124,,,8.07483865,16.240000000000002,2.8200000000000003,0.092,9.033999999999999,361642.0,2144.178,2104.2740000000003,26.038,98.16,24276.505466000002,,21.8,16.240000000000002,-0.546
90,Guinée,0.0,0.0,0.0,14.0,4.08,0.84,1.42,50.0,0.0,37.0,49.0,1.0,13.0,0.0,0.0,0.0,-0.0,-37.0,-37.0,12067.519,0.025935355241427538,0.98,9.1798798,12.2548384,956.2562886,11957.86538,8.661512,11.724328799999999,896.1647442000001,11208.951635599999,8379.4,12220.6,14634.2,0.6943763668406073,1.012685374682236,8379.4,12220.6,14634.2,0.6943763668406073,1.012685374682236,33282.6,2.758031704777096,86.216,100.00399999999999,12.492226833333334,,,0.022,7.058,332826.0,,,,,,,21.8,,-0.69
91,Guyana,0.0,0.0,2.0,165.0,38.34,12.55,12.33,32.0,0.0,0.0,30.0,0.0,31.0,0.0,0.0,0.0,-1.0,-1.0,0.0,775.222,0.005206578907045123,0.94,4.5459316,5.0617178,6329.5446575999995,4932.7089296,5.2197674,5.7389836,6818.140911799999,5313.6617752,30710.2,38138.8,12369.4,39.61471681660221,49.197262203601035,30710.2,38138.8,12369.4,39.61471681660221,49.197262203601035,28612.2,36.90839527257999,113.62800000000001,,,5.56,0.1,0.22999999999999998,74.338,286122.0,38.648,29.276,10.068000000000001,75.74399999999999,721.6226706,7.4671282,15.2,5.56,-0.132
93,Haïti,0.0,0.0,0.0,31.0,8.91,2.11,2.75,98.0,0.0,89.0,98.0,0.0,9.0,0.0,0.0,0.0,-0.0,-89.0,-89.0,10982.366,0.013698104089301388,1.0,0.9116706000000001,2.2113273999999996,1328.6634956,14780.9847388,0.896374,2.19586,1333.0021846,14829.123117000001,9537.2,8604.2,9021.8,0.8684103225115609,0.7834559511129023,9966.8,9135.0,9165.4,0.9075275764803321,0.8317879771990844,6393.4,0.5821514234728654,,,17.499453733333333,45.36,5.040000000000001,0.03,3.128,58172.0,,,,,,,129.0,45.36,-0.796
95,Honduras,0.0,0.0,0.0,93.0,21.73,7.11,6.98,205.0,1.0,12.0,205.0,0.0,193.0,0.0,0.0,0.0,-1.0,-12.0,-11.0,9429.013,0.017452533701413198,1.0,0.9611432000000002,2.658415,2457.3440352,23567.880855199997,0.9542450000000002,2.6513269999999998,2282.8783466,21893.6868206,105432.8,198105.4,18792.2,11.181742988370043,21.01019481042183,105432.8,198105.4,18792.2,11.181742988370043,21.01019481042183,46768.4,4.960052552690297,94.56199999999998,94.56199999999998,2.5879769333333336,13.74,1.3199999999999998,0.132,17.284,467684.0,,,,,13048.977662,,16.8,13.74,-0.528
96,Chine - RAS de Hong-Kong,-18.0,0.0,32.0,210.0,53.51,12.7,22.26,280.0,663.0,907.0,391.0,0.0,24.0,-125.0,0.0,0.0,-12.0,-256.0,-244.0,7306.322,0.007585721572048787,1.4,1.6775702,2.5434624,47170.809996799995,347785.2230878,2.4037236,3.2758078,49269.66410840001,363298.03154780006,15599.4,22819.2,14630.6,2.1350550933835106,3.1232130201762254,15875.8,23299.2,14678.6,2.1728853450477543,3.188909549839167,1559.6,0.21345897429650648,94.78999999999999,86.32000000000001,5.354408533333333,2.5,0.52,2.7640000000000002,23.656,13210.0,,,,,,,4.0,2.5,0.446
97,Hongrie,0.0,0.0,0.0,104.0,25.27,6.93,9.8,266.0,210.0,58.0,246.0,18.0,493.0,-13.0,0.0,16.0,74.0,227.0,152.0,9729.823,-0.0026569994026812704,0.92,4.9152212,4.6621288,15491.3568146,150338.8230722,5.3500834,5.095888400000001,14996.090332000002,145531.2475994,174649.0,337260.2,19308.6,17.949864041719977,34.662521610105344,215071.4,517199.0,24048.6,22.104348660813255,53.15605432904586,40017.8,4.112901128828346,87.08399999999999,86.334,3.8634591666666664,2.5,1.3199999999999998,0.06,18.380000000000003,315670.0,216.754,192.88,3.746,89.77799999999999,26250.39597,,4.0,2.5,0.768
98,Croatie,0.0,0.0,0.0,37.0,10.77,2.2,4.06,45.0,17.0,24.0,45.0,0.0,61.0,0.0,0.0,0.0,22.0,16.0,-7.0,4182.857,-0.0055254105601423575,1.0,3.5068017999999994,2.8748091999999996,13969.249692600002,58041.49045,3.4414738,2.8096862,13874.298318399999,57644.1240112,40906.2,53518.0,13283.8,9.779488038916941,12.794604262110802,42221.0,66784.2,16040.0,10.093818650745172,15.966168578079527,11486.4,2.7460656675568873,97.426,97.31,1.051023666666667,2.5,1.36,0.07200000000000001,15.081999999999999,109222.0,109.522,91.80799999999999,2.482,83.882,,,17.0,2.5,0.6900000000000001
99,Islande,-0.0,0.0,0.0,104.0,29.95,5.7,12.33,10.0,0.0,2.0,10.0,0.0,10.0,0.0,0.0,0.0,1.0,0.0,-2.0,334.393,0.005461504110588211,1.0,4.4857606,5.170653399999999,70303.036714,23672.866627200005,5.060332400000002,5.7487858,71388.394554,24039.288810799997,5652.0,9370.6,16579.4,16.90226769101028,28.022715786514674,5652.0,9664.8,17100.4,16.90226769101028,28.90251889244093,226.6,0.6776457641158756,93.136,80.03999999999999,2.0262290333333333,2.5,6.82,0.0,1.346,2266.0,7.720000000000001,3.216,2.8300000000000005,40.992000000000004,,,9.6,2.5,1.43
100,Inde,0.0,0.0,0.0,7.0,2.22,0.47,0.75,3661.0,4.0,0.0,2965.0,695.0,3545.0,0.0,0.0,0.0,-119.0,-116.0,4.0,1338676.785,0.01110219380755717,0.81,3.5874745999999993,4.671137,1955.4323659999998,2646191.2315102,3.608621199999999,4.6925154,1934.6637577999998,2618099.8486861996,2586347.6,3800818.4,14686.0,1.9320179665325266,2.83923531250301,2618035.8,3842013.2,14665.6,1.9556892517561661,2.870008087874625,815724.0,0.6093509719002111,113.402,113.45,4.249980266666666,14.260000000000002,192.97999999999996,0.041999999999999996,4.286,7843066.0,159952.942,158267.492,2.548,98.94399999999999,1297494.3446,12.0842262,6.6,14.260000000000002,-0.866
101,Indonésie,0.0,0.0,0.0,25.0,7.19,1.61,2.42,2323.0,0.0,1.0,1904.0,113.0,2301.0,0.0,0.0,306.0,-21.0,-22.0,-1.0,264650.963,0.012516723900981408,0.82,3.1780712000000007,4.362038,3859.8088478,1033456.5488067999,3.3043044000000004,4.4896946,3743.4827606,1002336.1087685998,4358567.6,3390346.4,7816.0,16.4691167211056,12.810633150803989,4406118.2,3434304.8,7833.0,16.648789598396437,12.976732678656454,3369089.4,12.730312264157527,81.978,114.13,4.021937483333334,6.22,16.62,0.534,64.738,33130884.0,38031.636,36347.99,14.221999999999998,93.35,366957.96486,7.0038026,8.4,6.22,-0.48200000000000004
102,Iran (République islamique d'),0.0,0.0,0.0,96.0,27.52,5.99,9.8,2220.0,45.0,6.0,2220.0,0.0,2174.0,-0.0,0.0,0.0,-86.0,-46.0,39.0,80673.883,0.013429453617598841,1.0,16.8453914,18.434334,7520.5159722,617813.51535,15.227079600000001,16.7949684,7404.7186936,608062.6471788,1750593.8,2147437.4,12267.6,21.699634812421266,26.618743515791845,1755237.0,2159145.2,12302.2,21.75718999418932,26.763868549627148,979780.2,12.144949066106065,131.55599999999998,132.152,25.570971766666666,4.860000000000001,3.9799999999999995,0.21000000000000002,47.69199999999999,9752036.0,3870.8779999999997,3769.6340000000005,6.292,97.388,248391.93450000003,,11.2,4.860000000000001,-1.294
103,Iraq,0.0,0.0,0.0,52.0,14.95,3.23,5.37,566.0,0.0,470.0,561.0,5.0,96.0,0.0,0.0,0.0,-0.0,-470.0,-470.0,37552.781,0.0316225456033547,0.99,-0.8605843999999998,1.6094471999999995,5115.6912582,196608.3604654,-0.15778359999999977,2.3287144,4785.653981400001,183985.944623,91835.2,119429.0,12917.2,2.445496646440113,3.180297086386225,91835.2,119429.0,12917.2,2.445496646440113,3.180297086386225,60364.6,1.6074601771836816,116.596,,-0.5262478500000001,17.860000000000003,6.82,0.064,18.734,603646.0,,,,,57816.753214000004,,13.2,17.860000000000003,-2.456
104,Irlande,0.0,0.0,0.0,100.0,25.82,5.66,11.6,128.0,93.0,99.0,123.0,0.0,110.0,-11.0,0.0,16.0,-12.0,-18.0,-6.0,4753.279,0.007391797525664989,0.96,6.7040712,7.9865212,76417.27839640001,368841.7571176,6.431382000000001,7.706526199999999,59761.884827199996,288340.190167,92125.8,128740.8,13914.6,19.381525889812064,27.084629368484364,95417.6,147081.6,15395.8,20.074058350035838,30.94318679799776,17845.6,3.754376715526271,120.022,101.64399999999999,-1.5015022333333332,2.5,6.82,0.03,2.004,154908.0,107.076,101.352,1.416,96.878,94071.27959600001,4.1352932000000004,5.4,2.5,0.9640000000000001
105,Israël,0.0,0.0,50.0,234.0,67.39,12.83,27.87,636.0,3.0,0.0,556.0,29.0,629.0,0.0,0.0,1.0,-10.0,-7.0,3.0,8243.848,0.01606078878306566,0.87,4.6117436000000005,6.330311399999999,44152.0658426,370595.76601799997,4.584745400000001,6.302951800000001,43882.116959599996,368325.0060912,481844.6,543252.2,11317.8,58.44899129629755,65.89789137305782,499105.2,641423.2,12905.8,60.54274654263398,77.80628657879184,51265.8,6.218673609702654,103.018,105.524,0.3694996333333334,2.5,6.82,0.752,52.492,469078.0,36.936,35.205999999999996,0.72,94.30199999999999,310021.44464,,8.2,2.5,-0.842
106,Italie,0.0,0.0,0.0,65.0,18.88,3.48,7.83,1173.0,183.0,97.0,1146.0,0.0,1315.0,0.0,0.0,27.0,56.0,142.0,86.0,60673.701,0.0021005368251133527,0.98,0.7240700000000002,0.6879621999999997,32436.6926392,1965523.8796398,1.1199263999999995,1.0839798,32700.855597600003,1981524.541039,556283.8,1024768.0,18418.2,9.168450099986485,16.889821835658253,586206.0,1337821.4,22820.8,9.661615994053173,22.04944445370161,171162.0,2.8210245490051777,96.728,102.33600000000001,1.0945729,2.5,6.82,0.11000000000000001,14.168000000000001,1460114.0,889.734,816.954,2.664,91.836,883911.9165800002,,7.0,2.5,0.372
107,Côte d'Ivoire,0.0,0.0,0.0,8.0,2.53,0.53,0.86,65.0,0.0,7.0,62.0,3.0,58.0,0.0,0.0,0.0,-0.0,-7.0,-7.0,24437.47,0.025598567941499617,0.95,3.3623452,6.027030600000001,2206.5413856,55449.173101600005,3.1980584,5.858503799999999,2141.8733822,53821.889173,62049.2,65134.2,10515.0,2.539100815264428,2.6653413794472174,62049.2,65134.2,10515.0,2.539100815264428,2.6653413794472174,76607.2,3.134825331754883,100.416,99.35999999999999,1.97682025,5.44,1.36,0.036000000000000004,34.926,766072.0,3881.3559999999998,3697.3,13.454000000000002,98.58,5223.4643737999995,5.4251122,12.2,5.44,-0.982
108,Kazakhstan,0.0,0.0,2.0,61.0,18.27,3.86,6.18,331.0,6.0,174.0,330.0,0.0,171.0,-2.0,0.0,0.0,8.0,-160.0,-168.0,18080.019,0.01512838434346614,1.0,-1.5223585999999998,-0.2109638000000002,9123.682182199998,167234.69754,-2.8607398,-1.5681397999999995,8054.6848366,147608.3065394,110908.6,187991.8,16937.6,6.1343187747756245,10.3977656218171,110908.6,187991.8,16937.6,6.1343187747756245,10.3977656218171,42049.8,2.3257608302292163,150.056,111.05999999999999,8.998875683333333,2.5,1.1800000000000002,0.0,4.732,403164.0,1261.816,,7.239999999999999,,37234.130214,3.9567363999999996,6.2,2.5,-0.08800000000000001
109,Jamaïque,2.0,0.0,0.0,178.0,51.1,12.18,15.71,152.0,1.0,31.0,149.0,0.0,128.0,-0.0,0.0,0.0,7.0,-24.0,-30.0,2920.848,0.005390214182917685,0.98,-0.7859870000000001,-0.3079333999999999,5061.5744304,14852.012959599999,-0.9267171999999999,-0.4493394000000002,4854.1934922,14243.6284362,78221.2,128913.0,16480.6,26.78030489775572,44.13547024699676,78221.2,128913.0,16480.6,26.78030489775572,44.13547024699676,14068.6,4.816614900878101,196.54000000000002,108.08400000000002,5.496806783333334,8.16,0.24,0.318,39.574,140686.0,194.254,194.84,2.382,93.76,5406.067087,,56.0,8.16,0.34400000000000003
110,Japon,0.0,0.0,0.0,67.0,18.5,3.95,7.24,2415.0,10.0,1069.0,2359.0,56.0,2215.0,0.0,0.0,0.0,859.0,-200.0,-1059.0,127502.725,-0.0015847278683966681,0.98,2.9861808,2.7438192,39601.91108500001,5035589.5289072,2.8473914000000002,2.6052767999999995,40380.402878600005,5134572.150433,788101.0,2256388.4,28627.8,6.181052208884163,17.696785696148847,788105.0,2256400.0,28627.8,6.181083580762685,17.696876674596563,317976.6,2.493880817057047,92.66,108.63600000000001,1.1755385,2.7,1.6800000000000002,0.718,35.486000000000004,3179746.0,2175.21,1943.172,1.092,88.92,,,6.6,2.7,1.042
112,Jordanie,0.0,0.0,0.0,98.0,28.07,6.04,10.1,275.0,10.0,64.0,275.0,0.0,210.0,0.0,0.0,0.0,-10.0,-65.0,-54.0,9785.843,0.03530254138752992,1.0,0.5797804,2.5422348,4280.6409586,42486.6792438,0.8122840000000002,2.7797818000000003,4266.334551,42347.5460952,238740.4,202366.2,8553.2,24.39650830286159,20.679485661071816,238857.0,202800.6,8567.0,24.408423474605097,20.72387631806478,28784.2,2.941412405655803,88.004,96.076,0.4002981666666667,11.72,1.1800000000000002,0.278,38.86,287694.0,75.792,74.32000000000001,3.2039999999999997,99.814,36472.028168,1.336128,44.2,11.72,-0.382
113,Kirghizistan,0.0,0.0,13.0,11.0,3.1,0.73,1.08,32.0,0.0,25.0,19.0,0.0,7.0,0.0,0.0,0.0,-1.0,-25.0,-25.0,6189.733,0.019423530987667303,0.59,1.5215128000000007,3.3829478,1249.3057172000001,7878.818961,0.44679320000000045,2.2890583999999996,1172.2701712000003,7389.9626772,5520.4,8608.8,15714.0,0.8918639947797424,1.390819280896284,5520.4,8608.8,15714.0,0.8918639947797424,1.390819280896284,4868.6,0.7865605834694324,112.076,108.638,1.3897021666666671,5.56,0.34,0.0,2.284,45460.0,504.008,692.748,3.428,99.38199999999999,1793.5720266,19.3555754,27.8,5.56,-0.44800000000000006
114,Kenya,0.0,0.0,0.0,2.0,0.67,0.14,0.23,35.0,0.0,0.0,34.0,2.0,35.0,0.0,0.0,0.0,-0.0,0.0,0.0,50221.142,0.024875835473334273,0.97,5.179722999999999,7.650719399999998,1748.9201206000002,90130.17464440002,5.0734136,7.541837799999999,1720.8598792,88682.735663,39106.6,96079.6,25390.6,0.778687987620831,1.9131305297677224,39106.6,96079.6,25390.6,0.778687987620831,1.9131305297677224,51081.4,1.0171293994071262,127.86599999999999,127.946,7.566329716666667,25.120000000000005,12.920000000000002,0.02,2.746,510814.0,,,,,24570.631540000002,,40.4,25.120000000000005,-1.152
115,Cambodge,0.0,0.0,0.0,11.0,2.34,0.85,0.74,38.0,0.0,10.0,37.0,1.0,28.0,0.0,0.0,0.0,-0.0,-10.0,-10.0,16009.409,0.015969371705013224,0.97,5.6351352,7.220119399999999,1464.6698604,23830.9851138,5.7169824,7.3030854000000005,1375.0530202,22373.7125896,17345.6,17345.6,10000.0,1.0834628561241704,1.0834628561241704,23813.6,27343.4,11482.0,1.4874752715731105,1.7079581138816555,21607.4,1.349668810385193,126.50999999999999,111.25399999999999,3.6347871833333327,7.019999999999999,1.1199999999999999,0.02,4.406,130296.0,2825.036,2573.82,16.786,90.59399999999998,22087.58773,,12.0,7.019999999999999,0.014000000000000012
116,République populaire démocratique de Corée,0.0,0.0,0.0,8.0,1.62,0.63,0.49,43.0,0.0,0.0,41.0,1.0,43.0,0.0,0.0,0.0,-0.0,0.0,0.0,25429.825,0.0049801110863099685,0.95,-0.9300470000000001,-0.4657156000000001,659.6806268,16763.398951400002,-0.8742045999999999,-0.4096508000000001,662.9764902000001,16847.4616078,27404.4,30144.8,11000.0,1.0776479979708866,1.1854112248118105,33909.2,43154.2,12726.6,1.3334421294680556,1.6969916230253255,22634.4,0.8900729753350642,,,,42.26,10.780000000000001,0.06,9.941999999999998,156578.0,,,,,,,171.2,42.26,-0.45000000000000007
117,République de Corée,0.0,0.0,0.0,62.0,16.7,4.21,5.68,854.0,6.0,137.0,854.0,0.0,838.0,0.0,0.0,0.0,115.0,-16.0,-131.0,51096.415,0.0037076833905571593,1.0,2.166458,2.346970399999999,31818.2732838,1627577.3694435998,2.2544455999999995,2.4350865999999995,31997.628735399998,1636757.0661346,1003043.8,843260.0,8396.4,19.630414384257683,16.503310457299207,1029357.6,927859.4,9002.6,20.145397676138334,18.158992171955703,181283.8,3.54787708687586,96.21799999999999,94.81,2.6056920666666663,2.5,2.2600000000000002,1.046,25.216,1730278.0,1361.2400000000002,,0.6420000000000001,,1003080.3968400002,,4.0,2.5,0.45999999999999996
118,Koweït,0.0,0.0,1.0,156.0,46.25,9.79,15.87,189.0,4.0,137.0,188.0,0.0,56.0,-0.0,0.0,0.0,0.0,-133.0,-133.0,4056.099,0.03563861830498205,0.99,-2.8040308,-0.6712741999999998,29597.857324400004,122087.40172259999,-3.599734,-1.4884769999999996,31699.698192,130707.626759,44072.6,58782.0,13338.0,10.865760426459017,14.492249819346124,44072.6,58782.0,13338.0,10.865760426459017,14.492249819346124,52918.2,13.046575046614985,,,1.5132986499999999,2.54,0.1,3.522,81.29400000000001,529182.0,2.62,,,,,,8.0,2.54,0.086
119,Lettonie,0.0,0.0,0.0,72.0,20.89,4.53,7.22,41.0,20.0,43.0,41.0,0.0,33.0,0.0,0.0,0.0,16.0,-8.0,-23.0,1951.097,-0.01167752680269224,1.0,5.6965748000000005,4.488229,16711.2278444,32198.6934892,5.74946,4.5407504,16586.7070924,31959.402905200004,19644.4,33306.8,16963.6,10.068387168859365,17.070806833284045,19644.8,33310.8,16965.2,10.06859218173161,17.072856962006504,2637.6,1.3518548795882521,101.14399999999999,100.03999999999999,2.5151165,2.5,0.6599999999999999,0.012,7.136,26308.0,64.79400000000001,46.556,4.524,72.526,,,16.2,2.5,0.45
120,République démocratique populaire lao,0.0,0.0,0.0,41.0,10.91,2.81,3.59,38.0,0.0,5.0,38.0,0.0,33.0,0.0,0.0,0.0,0.0,-5.0,-5.0,6953.035,0.01537749213170192,1.0,4.2435738,5.8470354,2513.9614632,17768.224339,4.1946436,5.7973272,2395.343312,16929.8207434,38353.2,30855.6,8044.8,5.516037241291033,4.437716766850735,41482.2,35659.8,8600.4,5.966056549406122,5.128666833979694,44038.8,6.333752095308021,105.09,107.126,3.7637204499999997,5.460000000000001,0.4,0.186,11.01,403104.0,1669.9099999999999,1543.27,6.992,99.66,,,17.0,5.460000000000001,0.508
121,Liban,0.0,0.0,0.0,38.0,10.74,2.33,3.9,73.0,4.0,13.0,73.0,0.0,64.0,-0.0,0.0,0.0,0.0,-9.0,-9.0,6819.373,0.03642320747098404,1.0,4.2416614,5.1220528000000005,8130.7733886000005,55418.5145572,3.885454,4.7649528000000005,7980.3477396,54392.31601779999,65194.8,129385.2,19842.6,9.56023376342664,18.973181258746223,65194.8,129385.2,19842.6,9.56023376342664,18.973181258746223,68696.0,10.073653398926853,103.816,90.28,53.22077581666666,8.0,0.54,1.0239999999999998,80.134,686960.0,60.89,58.44,1.46,95.97,64298.639601999996,1.1988988,67.0,8.0,-1.64
122,Lesotho,0.0,0.0,0.0,27.0,7.93,1.71,2.72,17.0,0.0,15.0,17.0,0.0,2.0,0.0,0.0,0.0,1.0,-15.0,-15.0,2091.534,0.0076759277740195975,1.0,-1.2285286,-0.44225440000000005,1107.3372876,2335.1999836,-1.4481911999999997,-0.6637097999999998,1248.6059512,2632.9296163999998,2362.4,1889.8,7999.6,1.1295059033226331,0.9035473485011479,2362.4,1889.8,7999.6,1.1295059033226331,0.9035473485011479,362.0,0.17307870682475157,,,7.977054783333332,31.220000000000006,0.6599999999999999,0.0,0.666,3620.0,192.55,58.65,11.27,88.05,143.2362084,1.450226,34.2,31.220000000000006,-0.272
123,Libéria,0.0,0.0,0.0,36.0,10.67,2.25,3.74,50.0,0.0,48.0,50.0,0.0,15.0,0.0,0.0,0.0,12.0,-35.0,-48.0,4702.226,0.02570208634323712,1.0,-3.7958681999999997,-1.3982100000000002,554.3602324000001,2665.6177065999996,-4.5236643999999995,-2.1441136,493.9564260000001,2373.9058206,16597.0,14210.0,8556.6,3.5296049147786603,3.0219729974697094,16934.8,14565.4,8595.4,3.601443231354682,3.0975542221917878,8495.8,1.8067613083675689,,,17.031799783333334,37.580000000000005,1.8,0.04,34.96,81590.0,258.854,247.044,9.064000000000002,94.852,450.4697104,4.502553799999999,80.4,37.580000000000005,-0.336
126,Lituanie,0.0,0.0,0.0,96.0,28.19,6.03,9.74,82.0,68.0,44.0,80.0,0.0,118.0,-0.0,0.0,2.0,12.0,36.0,24.0,2845.414,-0.013871617209010034,0.98,8.108197,6.514056599999999,18290.4794242,51154.414505600005,8.2747086,6.6781948,17685.667375600002,49460.6903644,59882.0,105642.0,17733.6,21.045092208023153,37.12711050131896,60447.6,110720.0,18398.0,21.243868203361618,38.91173656979265,10727.6,3.7701367885305967,93.734,93.73599999999999,2.2927595333333333,2.5,,0.034,15.404000000000002,104786.0,95.756,82.89000000000001,3.8280000000000003,86.874,,,10.0,2.5,0.8
128,Chine - RAS de Macao,-3.0,0.0,0.0,142.0,34.47,10.08,11.9,19.0,0.0,23.0,21.0,0.0,3.0,0.0,0.0,0.0,8.0,-16.0,-23.0,622.585,0.01902986806794643,1.11,-8.3263014,-6.9154898000000005,73151.6736056,46066.280297799996,-8.540162599999999,-7.132232599999999,65073.4235206,40974.460490000005,3779.8,3359.2,8886.4,6.071138880634773,5.3955684765935565,3954.0,3454.8,8736.6,6.350940032284748,5.549121806660938,758.4,1.218146919697712,,,2.8777390333333335,4.800000000000001,0.1,,100.0,7584.0,,,0.19,,,,108.6,4.800000000000001,1.298
129,Madagascar,0.0,0.0,0.0,14.0,2.87,1.13,0.97,82.0,0.0,0.0,73.0,2.0,81.0,0.0,0.0,6.0,-0.0,-1.0,0.0,25570.512,0.02727318513177257,0.89,0.29025239999999997,3.0017954,501.5901328,13179.586549399999,0.22546459999999974,2.9352748,484.6527454,12733.6529578,62441.0,49952.8,8000.0,2.441914342583363,1.9535314740666907,76144.6,84950.2,11157.0,2.9778285237307727,3.3221939396442277,49349.6,1.929941801712848,116.55999999999999,114.756,6.9981838833333345,44.82,11.78,0.01,7.024000000000001,395438.0,8232.69,7996.07,12.02,97.13,,,21.2,44.82,-0.39
130,Malawi,0.0,0.0,0.0,17.0,5.17,1.09,1.74,98.0,0.0,0.0,91.0,7.0,130.0,0.0,0.0,0.0,33.0,32.0,0.0,17670.196,0.0277240008577746,0.93,5.3720158,8.213347,535.5553152,9770.5853876,5.6081862,8.456128600000001,527.6219778000001,9624.9059992,44352.6,122024.6,27053.8,2.510023091990604,6.905673259085525,44352.6,122024.6,27053.8,2.510023091990604,6.905673259085525,18601.6,1.0527104509763219,139.59799999999998,163.56799999999998,15.972213066666665,16.979999999999997,3.0999999999999996,0.03,6.182,186016.0,3776.38,,61.04,,670.3262724,,26.6,16.979999999999997,-0.262
131,Malaisie,0.0,0.0,320.0,142.0,39.21,9.65,12.95,1621.0,44.0,68.0,1220.0,82.0,1724.0,-1.0,0.0,0.0,128.0,103.0,-24.0,31104.646,0.0135968476038541,0.75,1.0937517999999997,2.4571046,10654.1295856,336085.054696,1.2523738000000002,2.6177737999999997,10371.7001028,327192.95050419995,716305.2,1596630.4,22574.6,23.02888128030777,51.33092979100292,740605.0,1665317.8,22757.6,23.81010862493018,53.53919797061828,294421.8,9.465524860819826,100.74799999999999,97.024,2.46693,2.9,3.44,0.33,73.292,2848890.0,1584.4599999999998,,6.964,,402555.34582000005,1.974808,5.4,2.9,0.154
132,Maldives,5.0,0.0,0.0,47.0,13.5,2.94,4.7,12.0,0.0,12.0,7.0,0.0,0.0,0.0,0.0,0.0,0.0,-12.0,-12.0,496.402,0.04542173875947819,0.58,-3.6842084000000006,-0.16816239999999993,9310.316448000001,4756.9606162,-3.6431057999999994,-0.13362780000000002,8516.205499599999,4350.827005200001,,,,,,,,,,,,,,,1.4384556333333334,,,,,,,,,,1474.4827772,0.0095102,136.2,,0.236
133,Mali,0.0,0.0,0.0,9.0,2.83,0.6,0.96,52.0,0.0,1.0,52.0,0.0,48.0,0.0,0.0,0.0,-4.0,-4.0,-1.0,18512.43,0.029971897917774826,1.0,2.7384436,5.8570724,848.106974,16215.2733992,2.4371513999999994,5.546647599999999,820.6173184000002,15687.4830682,72821.6,54815.4,7521.4,3.9336597086390066,2.9610051192631115,72821.6,54815.4,7521.4,3.9336597086390066,2.9610051192631115,47794.2,2.581735623038142,102.80800000000002,104.84200000000001,-0.3806941833333334,5.0,1.0,0.01,3.94,477942.0,3815.528,3767.9900000000002,11.7,98.752,3074.8768848,3.4731916,17.0,5.0,-1.9940000000000002
134,Malte,0.0,0.0,2.0,103.0,27.17,5.41,12.68,14.0,0.0,9.0,12.0,0.0,4.0,0.0,0.0,0.0,-1.0,-10.0,-9.0,437.933,0.006843314651173993,0.86,5.986137799999999,6.3763630000000004,32405.994755,14232.792867200002,5.3366498,5.722293599999999,29630.373962599995,13014.094067,2267.8,3893.6,17181.0,5.17841770316464,8.890857733945603,2274.4,3921.0,17252.6,5.19348850166578,8.95342438226852,1026.4,2.343737512359197,97.88199999999999,123.542,2.814786183333333,2.5,1.0,0.9739999999999999,35.416,10080.0,2.4939999999999998,1.754,0.45199999999999996,,,,18.6,2.5,1.116
136,Mauritanie,0.0,0.0,0.0,11.0,5.14,0.51,1.59,22.0,0.0,24.0,22.0,0.0,5.0,0.0,0.0,0.0,6.0,-17.0,-24.0,4282.57,0.029156834599975756,1.0,2.2756788,5.1590798,1648.0562949999999,7271.411576,2.6237977999999997,5.517284999999999,1627.3761902,7180.637453,6018.4,4459.2,7406.2,1.4053243729816443,1.0412439259603463,6018.4,4459.2,7406.2,1.4053243729816443,1.0412439259603463,4671.6,1.090840313176434,,,2.898659616666667,8.98,0.42000000000000004,0.0,1.17,46716.0,243.6,217.79000000000002,14.720000000000002,89.41,,,28.6,8.98,-0.6659999999999999
137,Maurice,1.0,0.0,0.0,128.0,37.93,8.05,13.06,49.0,0.0,2.0,48.0,0.0,48.0,-0.0,0.0,0.0,0.0,-1.0,-2.0,1264.499,0.0017967184657052826,0.98,-0.8423181999999997,-0.6474573999999997,10204.2037122,12928.0309788,-0.6107948000000007,-0.4153713999999994,10327.671506199998,13084.7358688,47336.4,48160.0,10179.2,37.43490504935156,38.08623019867947,47385.8,48260.4,10189.8,37.47397190507861,38.165629233396,15957.0,12.619227061468614,106.822,99.888,2.929010616666667,6.56,0.1,1.8519999999999999,94.428,158958.0,33.552,28.57,4.0920000000000005,85.20599999999999,,,33.0,6.56,0.9099999999999999
138,Mexique,0.0,0.0,0.0,123.0,32.52,9.27,9.26,4219.0,9.0,972.0,4058.0,161.0,3249.0,0.0,0.0,0.0,-6.0,-970.0,-963.0,124777.324,0.012290183969583646,0.96,-2.4353673999999996,-1.3267816000000003,9198.0914996,1160411.6768422,-2.6038546000000005,-1.4970961999999997,8935.0533126,1127181.3240118,1819906.8,3336649.8,18339.4,14.585236657263144,26.740834736927038,1831189.0,3374476.2,18433.2,14.675655329809766,27.04398597296413,581429.4,4.659736091150665,107.412,106.08999999999999,5.457637166666666,6.0,7.58,0.06,13.232,5692312.0,6630.38,6439.5419999999995,8.228,97.126,250348.97660000002,,5.0,6.0,-0.754
141,Mongolie,0.0,0.0,0.0,9.0,2.77,0.59,0.95,9.0,0.0,10.0,9.0,0.0,0.0,0.0,0.0,0.0,1.0,-9.0,-10.0,3113.786,0.019545547555225307,1.0,0.7275853999999999,2.5416484,3962.3364669999996,12571.0195278,0.5500844,2.3597084,3539.2183934,11228.631242,188.8,253.2,13448.0,0.060633582397762724,0.08131580012242332,188.8,253.2,13448.0,0.060633582397762724,0.08131580012242332,833.8,0.2677769120935093,78.744,78.744,5.49950145,5.36,0.16,0.0,0.07200000000000001,8338.0,333.332,318.56800000000004,1.95,99.078,,,8.0,5.36,0.768
143,Maroc,0.0,0.0,0.0,70.0,20.96,4.35,7.29,746.0,1.0,3.0,746.0,0.0,762.0,-0.0,0.0,0.0,17.0,16.0,-2.0,35581.255,0.013554958841339282,1.0,1.348791,2.6309052000000004,3139.280843,113137.21624400001,1.4315462,2.7146473999999996,3081.0644704,111041.55867979999,620019.6,724705.0,11665.2,17.425456184724233,20.367606482683087,631517.8,783235.0,12380.0,17.748609485528267,22.012573755478833,216219.2,6.0767727276623615,104.80999999999999,104.80999999999999,0.6857289833333333,4.26,1.5399999999999998,0.068,26.266,2059092.0,3960.31,,12.42,,91864.079044,,16.8,4.26,-0.33999999999999997
144,Mozambique,0.0,0.0,0.0,13.0,3.59,0.82,1.2,116.0,0.0,24.0,103.0,4.0,92.0,0.0,0.0,9.0,-1.0,-24.0,-24.0,28649.018,0.0289257779085203,0.89,-4.2742401999999995,-1.4594736000000001,469.8608666,13884.0631338,-4.3735166,-1.5616548,460.1800812,13597.965857199999,35387.8,97164.8,27595.4,1.2352186033043089,3.391557783935212,38160.4,100567.2,26450.2,1.3319967895583718,3.510319271676258,43115.4,1.5049521069099123,128.084,136.142,11.026372066666665,31.68,9.36,0.004,11.824,256638.0,,,,,3652.7958933999994,3.6742510000000004,27.8,,-0.95
146,République de Moldova,0.0,0.0,0.0,55.0,16.14,3.46,5.53,66.0,0.0,16.0,66.0,0.0,54.0,0.0,0.0,0.0,5.0,-12.0,-16.0,4059.684,-0.00091577416800942,1.0,9.4994596,9.3020608,2621.7937066,10616.8705828,9.080089599999999,8.8833464,2764.8187446,11196.169423,35468.4,46155.2,13122.8,8.736739115655308,11.36916075241324,35536.8,46499.0,13194.8,8.753587717664725,11.453847146723735,39279.8,9.675580660957849,90.204,108.05,7.1129516,,,0.172,56.33,391246.0,290.40799999999996,,9.202000000000002,,2119.345724,7.6946731999999995,21.8,6.279999999999999,-0.366
147,Namibie,0.0,0.0,0.0,40.0,11.53,2.38,4.25,28.0,12.0,29.0,28.0,0.0,11.0,-0.0,0.0,0.0,0.0,-17.0,-17.0,2402.633,0.018415530818241266,1.0,-2.2344161999999996,-0.394595,4950.253860999999,12113.2815692,-2.5538602,-0.7200570000000003,4840.1930948,11843.8589656,13330.0,11003.4,8259.6,5.548079960609881,4.579725659307934,13423.8,15689.2,11692.8,5.587120463258434,6.530002709527423,4417.8,1.8387327569379095,103.644,104.446,5.8331542333333335,19.4,0.5,0.0,2.234,44178.0,151.084,138.028,12.052,91.408,6710.881483200001,,15.6,19.4,0.6419999999999999
149,Népal,0.0,0.0,0.0,7.0,1.99,0.42,0.67,58.0,0.0,0.0,55.0,3.0,58.0,0.0,0.0,0.0,-0.0,0.0,0.0,27632.681,0.006597496116724638,0.95,5.625189600000001,7.228610399999999,1083.7857064,30562.051471200004,5.5661948,7.1691834,1094.8852396,30875.0285196,80333.2,60066.0,7497.4,2.907180812458986,2.1737304462060703,80712.0,60365.4,7499.4,2.9208892180964994,2.184565442636565,74245.0,2.6868547427591265,106.53000000000002,93.97,5.002974616666668,4.66,1.3199999999999998,0.18,8.592,738382.0,1881.6,1833.77,15.24,97.46,22090.052792,4.9951922,206.4,4.66,-0.534
150,Pays-Bas,0.0,0.0,0.0,70.0,20.33,3.74,8.48,372.0,1418.0,608.0,346.0,0.0,1100.0,-78.0,0.0,104.0,-82.0,728.0,810.0,17021.347,0.00262930131567507,0.93,3.4428841999999995,3.6816766000000003,51056.035191799994,871100.2009862,3.1173501999999997,3.3553992,50976.159145800004,869733.0461358,617960.4,1028103.8,16637.2,36.305023333347236,60.40084841699073,624548.2,1053727.2,16866.6,36.69205498248757,61.906216940410175,105593.4,6.2035865904149645,94.894,97.75999999999999,2.070692283333334,2.5,0.54,0.576,13.169999999999998,1046070.0,170.42,165.78199999999998,1.016,97.42,342769.53372,,8.0,2.5,0.876
153,Nouvelle-Calédonie,0.0,0.0,0.0,136.0,38.71,8.42,14.05,11.0,0.0,9.0,11.0,0.0,1.0,0.0,0.0,0.0,-1.0,-10.0,-9.0,277.15,0.01199516584496313,1.0,1.1627804000000002,2.2179754,33490.7272176,9377.2962392,1.1627804000000002,2.2179754,33490.7272176,9377.2962392,475.8,828.0,17377.8,1.7167598773227497,2.987551867219917,475.8,828.0,17377.8,1.7167598773227497,2.987551867219917,527.6,1.903662276745445,102.19800000000001,,0.6373535,6.720000000000001,0.1,0.03,7.418000000000001,5276.0,0.976,0.706,0.55,62.45,,,20.8,6.720000000000001,
154,Macédoine du Nord,0.0,0.0,0.0,68.0,19.73,4.17,7.01,41.0,1.0,40.0,41.0,0.0,2.0,0.0,0.0,0.0,-0.0,-39.0,-39.0,2081.996,0.0007132101722033823,1.0,4.1235786,4.165073,5711.5375978,11894.667775,3.8003954,3.8417217999999997,5466.257415399999,11383.8405944,2263.2,1541.6,6872.0,1.0870337887296613,0.7404433053665809,2263.2,1541.6,6872.0,1.0870337887296613,0.7404433053665809,1747.8,0.8394828808508757,136.702,121.112,0.7649182333333335,2.94,0.1,0.01,5.906,17478.0,108.454,107.53600000000002,2.7399999999999998,96.12,,,12.2,2.94,-0.142
155,Vanuatu,0.0,0.0,0.0,40.0,11.66,2.48,4.05,3.0,0.0,4.0,3.0,0.0,1.0,0.0,0.0,0.0,1.0,-2.0,-4.0,285.51,0.027014408069822637,1.0,0.041344199999999984,2.5719730000000003,2999.170468,877.6219316,0.01745979999999996,2.5472986000000004,3001.5371712,878.4427734000001,686.8,686.8,10000.0,2.4055199467619346,2.4055199467619346,686.8,686.8,10000.0,2.4055199467619346,2.4055199467619346,527.6,1.8479212637035483,,,5.807526366666666,12.08,0.1,0.028000000000000004,5.474,5276.0,,,,,541.388107,1.2451972,124.8,12.08,0.8140000000000001
156,Nouvelle-Zélande,0.0,0.0,0.0,140.0,34.79,9.77,12.02,168.0,23.0,1.0,164.0,0.0,223.0,-6.0,0.0,10.0,32.0,55.0,22.0,4702.034,0.010002834747299738,0.98,2.7091164,3.6190995999999998,43550.91514420001,206578.72856999998,2.8218478,3.732759,42183.15967380001,200096.8863992,118706.8,223206.6,18805.8,25.245840417147136,47.47022246117319,119351.0,225234.2,18874.4,25.38284495603392,47.90144010017793,24390.4,5.1872019640861815,96.83399999999999,95.75999999999999,1.1747900333333334,2.5,0.1,0.02,1.9759999999999998,240478.0,160.828,,4.106,,461451.26969999995,,10.0,2.5,1.5100000000000002
157,Nicaragua,0.0,0.0,0.0,93.0,21.59,7.08,6.91,138.0,0.0,6.0,138.0,0.0,143.0,0.0,0.0,0.0,11.0,5.0,-6.0,6384.846,0.013037317436354667,1.0,-1.3815186000000002,-0.14063699999999998,2022.6516742,13065.975876400002,-1.3137608,-0.07226979999999994,1927.5828944,12452.798400399999,65127.8,139931.0,21504.6,10.200371316708345,21.91611199393063,65127.8,139931.0,21504.6,10.200371316708345,21.91611199393063,24237.0,3.7960195124518274,95.42999999999999,91.396,3.0134084833333334,17.74,1.12,0.05,5.87,242370.0,923.72,894.1699999999998,21.59,96.8,4704.255997599999,,16.4,17.74,-0.5479999999999999
158,Niger,0.0,0.0,0.0,3.0,0.94,0.2,0.32,21.0,0.0,3.0,20.0,1.0,19.0,0.0,0.0,0.0,-0.0,-2.0,-3.0,21602.382,0.03945900993220963,0.95,3.3337426,7.353806999999999,542.096057,12210.094138199998,3.3743057999999997,7.3959742,534.9412663999999,12049.909463,23823.8,19058.8,8000.0,1.102832085832016,0.8822545587796752,23823.8,19058.8,8000.0,1.102832085832016,0.8822545587796752,19659.4,0.9100570483384657,103.636,102.68400000000001,0.45601833333333336,,,0.0,1.592,196594.0,1043.86,1032.12,13.124,97.96,1790.7677838,0.7099702,55.8,13.34,-1.3760000000000001
159,Nigéria,0.0,0.0,0.0,2.0,1.01,0.1,0.31,202.0,0.0,0.0,192.0,10.0,201.0,0.0,0.0,0.0,-0.0,-1.0,0.0,190873.244,0.026720159522020837,0.95,-4.495533399999999,-1.9951626,2148.9785656,421331.1160042,-5.0532594,-2.5679964000000006,1980.638857,388366.0468152,248177.6,248177.6,10000.0,1.3002220468364858,1.3002220468364858,248177.6,248177.6,10000.0,1.3002220468364858,1.3002220468364858,173088.0,0.9068217020506028,82.02600000000001,82.02600000000001,15.657470583333332,10.9,21.46,0.024,6.494,1730880.0,,,,,55456.399064,,12.0,10.9,-1.952
162,Norvège,0.0,0.0,0.0,66.0,19.05,3.61,7.81,102.0,0.0,2.0,101.0,0.0,101.0,0.0,0.0,1.0,1.0,-1.0,-2.0,5296.326,0.010508139777211656,0.99,-1.7231132000000002,-0.8999042000000002,73917.25582779999,394449.18490239995,-1.692501,-0.8690496,76733.93576900002,409475.62172640004,66762.8,93714.0,14033.2,12.605492939822813,17.69415251251528,68024.2,103259.8,15177.6,12.84365803766611,19.496496250419632,16150.6,3.049396883802092,96.952,100.878,1.8938093333333335,2.5,,0.15800000000000003,10.956,154856.0,55.648,34.778,1.1580000000000001,66.514,,,5.4,2.5,1.186
165,Pakistan,0.0,0.0,0.0,20.0,5.86,1.25,1.97,1282.0,4.0,2.0,1218.0,64.0,1281.0,-0.0,0.0,0.0,-3.0,-1.0,2.0,207906.209,0.021081411630407332,0.95,-2.453172,-0.4372693999999996,1298.7199022,275059.4877964,-2.3034878,-0.2846382,1377.9229481999998,291868.0323672,1177200.0,1402400.0,11920.6,5.662168559862491,6.74534929353649,1181102.6,1407473.4,11924.2,5.680939524033167,6.769751643155592,1177380.2,5.663035296843876,102.492,104.46199999999999,6.823884183333332,13.559999999999999,28.820000000000004,0.31800000000000006,17.178,11735746.0,23519.316,22422.503999999997,11.017999999999999,99.26400000000001,37097.814046,,27.4,13.559999999999999,-2.256
166,Panama,0.0,0.0,51.0,117.0,33.82,8.02,10.34,192.0,0.0,20.0,139.0,2.0,198.0,-0.0,0.0,0.0,25.0,6.0,-20.0,4106.769,0.017235276011508205,0.72,-1.4707022000000003,0.1960963999999997,14606.418444,60952.926995600006,-0.9458136000000004,0.7299689999999999,13443.533596599998,56102.5021308,122195.4,208077.4,17022.6,29.754631925973918,50.666935491136705,122195.4,208077.4,17022.6,29.754631925973918,50.666935491136705,26007.4,6.332812972923483,93.578,93.774,0.025559716666666676,6.34,0.24,0.12,17.466,258756.0,260.442,246.19,6.204,92.49,48621.821662,,16.6,6.34,0.318
167,Tchéquie,0.0,0.0,0.0,82.0,21.96,5.49,7.5,249.0,27.0,116.0,234.0,0.0,163.0,0.0,0.0,15.0,3.0,-86.0,-89.0,10641.034,0.0012847588533105303,0.94,5.4331378,5.6470498,21780.5648402,232339.72702299998,6.1676134,6.382917600000001,20596.8814282,219718.71428299998,117287.4,155224.8,13233.6,11.0221807392026,14.587379384371857,122307.6,166712.4,13629.4,11.493958199926812,15.666936126695958,22327.6,2.098254737274592,97.628,91.702,2.5959439833333335,2.5,4.76,0.06,14.548000000000002,214250.0,144.32999999999998,111.58,2.414,77.274,142049.86908,1.7470807999999998,4.0,2.5,0.974
169,Paraguay,0.0,0.0,0.0,22.0,5.99,1.61,1.8,41.0,4.0,1.0,41.0,0.0,45.0,0.0,0.0,0.0,-0.0,4.0,3.0,6867.061,0.013427967123978535,1.0,-1.6253058000000002,-0.3520282,5423.4000418,37704.692157800004,-1.4019746,-0.1258219999999998,5243.3919256,36456.2871216,69403.4,69404.8,10000.0,10.106710862186894,10.106914733974259,71139.4,72160.2,10143.6,10.359511878516878,10.508163536045478,23576.6,3.4332882728142358,109.398,109.398,3.5900778833333336,8.040000000000001,0.54,0.01,2.098,218798.0,,,,,,,8.8,8.040000000000001,0.014000000000000002
170,Pérou,0.0,0.0,783.0,62.0,13.47,3.72,6.71,1523.0,1.0,60.0,424.0,316.0,1465.0,0.0,0.0,0.0,0.0,-58.0,-59.0,31444.298,0.013741815708138982,0.28,0.0284594000000002,1.6260515999999996,6612.7546256000005,211429.892009,-0.16066199999999994,1.4339136000000003,6316.626573,201961.7926736,739223.6,1587628.4,21440.6,23.508987225601285,50.490184261706204,739223.6,1587628.4,21440.6,23.508987225601285,50.490184261706204,162958.4,5.182446750759072,100.65799999999999,113.01400000000001,1.708861633333333,7.7,2.44,0.066,18.842000000000002,1629584.0,,,,,49110.68736,4.574461,8.2,7.7,-0.23399999999999999
171,Philippines,0.0,0.0,0.0,48.0,13.87,3.11,4.65,1521.0,2.0,249.0,1459.0,62.0,1272.0,0.0,0.0,0.0,-3.0,-249.0,-247.0,105172.925,0.015566277173815701,0.96,1.9958853999999995,3.4464204,3246.6363850000002,346452.479625,1.3300254,2.7713704,3573.7504952000004,381284.9055032,1116596.4,1364387.8,12209.6,10.616766625060583,12.972804550220506,1133077.2,1391489.4,12272.2,10.773468551911055,13.230490641959419,191086.2,1.8168763491174178,109.12,113.71399999999998,3.262548783333333,6.640000000000001,7.040000000000001,0.14200000000000002,19.564,1789034.0,10154.96,8816.78,12.654,86.808,151786.54306,,13.8,6.640000000000001,-1.074
173,Pologne,0.0,0.0,0.0,107.0,30.3,6.18,12.14,1156.0,1025.0,55.0,1150.0,27.0,2351.0,-59.0,0.0,38.0,225.0,1195.0,970.0,37953.18,-0.0013448513398842954,0.99,4.793307400000001,4.6903232,14666.492460999998,556089.6130142,4.793457200000001,4.690474,14081.748642199998,533917.8790198,1017838.2,1869480.6,18365.0,26.818258707175524,49.25754837934529,1083998.0,2244050.2,20585.4,28.561453875538227,59.12680307684363,201868.0,5.318869196204376,95.83400000000002,113.11800000000001,3.4537248333333337,2.5,,0.126,21.182,1788934.0,1604.836,1521.4180000000001,1.6360000000000003,94.91400000000002,,,6.0,2.5,0.53
174,Portugal,0.0,0.0,10.0,109.0,30.58,6.02,12.74,325.0,44.0,82.0,315.0,0.0,361.0,0.0,0.0,1.0,74.0,36.0,-38.0,10288.527,-0.004433227984355276,0.97,3.2534160000000005,2.9081821999999997,22200.0408696,227696.63635259998,3.4723374,3.1263998000000006,21693.868774199997,222503.10973320002,200591.0,300920.0,15007.8,19.49657127789041,29.248112970884947,206545.0,350568.2,16982.6,20.075274137881934,34.07370170676521,16979.2,1.6503042661014546,109.196,90.718,1.03420815,2.5,,0.03,4.424,107440.0,289.148,264.63,2.05,91.75999999999999,,,13.4,2.5,1.064
175,Guinée-Bissau,0.0,0.0,0.0,7.0,2.16,0.46,0.74,4.0,0.0,4.0,4.0,0.0,3.0,0.0,0.0,0.0,3.0,-1.0,-4.0,1828.145,0.026234471107825397,1.0,2.3249784,4.9133172,698.8261511999999,1309.7806904000001,2.1079146,4.690244000000001,702.6430727999999,1316.9639974,3519.0,2953.8,8391.0,1.924902018165955,1.6157361697239552,3519.0,2953.8,8391.0,1.924902018165955,1.6157361697239552,2090.6,1.1435635575952674,126.76399999999998,126.76399999999998,1.3752979833333332,,,0.03,3.504,20906.0,,,,,103.075254,0.5308363999999999,50.8,27.360000000000003,-0.558
176,Timor-Leste,0.0,0.0,0.0,14.0,4.24,0.9,1.46,5.0,0.0,11.0,5.0,0.0,1.0,0.0,0.0,0.0,7.0,-4.0,-11.0,1243.258,0.018955849302705108,1.0,2.3145181999999997,4.3241461999999995,1385.7668822,1760.0385926,-4.031932,-2.1451767999999993,1874.877194,2379.2458636,1297.4,1038.2,8002.2,1.0435484830984398,0.8350640011968554,1297.4,1038.2,8002.2,1.0435484830984398,0.8350640011968554,1050.0,0.8445551928883627,,,0.4722384666666666,25.020000000000003,0.3,0.03,2.5140000000000002,10500.0,214.3,214.3,16.45,92.84,222.68692000000001,,223.4,25.020000000000003,0.13999999999999999
181,Zimbabwe,0.0,0.0,0.0,16.0,4.68,0.99,1.59,76.0,0.0,6.0,67.0,3.0,69.0,0.0,0.0,6.0,-0.0,-7.0,-6.0,14236.595,0.01619827855842465,0.88,0.5276280000000001,2.0091522,1532.0249936,22124.591972399998,2.2539662,3.7605066000000007,1446.8830828000002,20908.038287199997,58355.4,67108.8,11500.0,4.098971699342434,4.713823775980142,58413.6,67285.8,11518.6,4.103059755510359,4.726256524119707,7778.2,0.5463525512947442,89.94800000000001,,213.33212318333335,,,0.0,2.168,76634.0,3758.976,3348.6059999999998,27.298000000000002,99.11800000000001,17787.9026328,22.973641800000003,17.2,,-0.818
183,Roumanie,0.0,0.0,0.0,66.0,19.37,3.65,7.91,381.0,69.0,146.0,381.0,0.0,392.0,-0.0,0.0,0.0,88.0,11.0,-77.0,19653.969,-0.0059989777168143466,1.0,7.8480024,7.091712400000001,11697.099934,227975.59777800002,7.9889893999999995,7.231659800000001,11487.6815904,223886.2052584,273661.75,460433.25,16808.5,13.923994181531475,23.42698566381172,275135.0,465821.2,16915.4,13.998953595581634,23.701126220357832,79043.6,4.021762728942943,99.106,98.95,2.6652459,2.5,,0.05399999999999999,16.704,751226.0,1891.1860000000001,1837.002,3.0780000000000003,97.248,,,9.4,2.5,0.308
184,Rwanda,0.0,0.0,0.0,5.0,1.49,0.31,0.5,19.0,0.0,0.0,18.0,1.0,19.0,0.0,0.0,0.0,-0.0,0.0,0.0,11980.961,0.026008877797475016,0.95,1.2800536,3.956299799999999,783.7569735999999,9654.9139642,1.1968733999999999,3.870725,759.9975964,9362.612661000001,6224.0,18672.0,30000.0,0.5194908822422509,1.5584726467267527,6224.0,18672.0,30000.0,0.5194908822422509,1.5584726467267527,5461.8,0.4558732809496668,93.30999999999999,75.806,7.674652766666665,35.06,4.32,0.03,4.055999999999999,54266.0,1688.6940000000002,1969.9419999999998,47.008,98.44000000000001,1947.6873306000002,,46.2,35.06,0.048
185,Fédération de Russie,0.0,0.0,0.0,104.0,30.98,6.55,10.44,4556.0,115.0,226.0,4509.0,0.0,4444.0,-7.0,0.0,54.0,-1.0,-112.0,-111.0,145530.082,0.0020801866363244215,0.99,2.2526038,2.389446199999999,10542.303021,1535852.2146826,2.3253376,2.4622128,10259.146096,1494601.1141486,2542930.0,4500064.0,17696.4,17.473569485104804,30.92188184158379,2542930.0,4500064.0,17696.4,17.473569485104804,30.92188184158379,534890.0,3.6754600330672527,104.44000000000001,111.86600000000001,4.026304233333334,2.5,20.939999999999998,0.02,20.064000000000004,5010310.0,4366.14,,4.29,,492561.63024,,6.2,2.5,-0.6839999999999999
188,Saint-Kitts-et-Nevis,1.0,0.0,0.0,190.0,55.77,11.91,19.22,4.0,0.0,4.0,3.0,0.0,0.0,0.0,0.0,0.0,0.0,-4.0,-4.0,52.045,0.008407059156322505,0.75,-0.49064779999999997,0.2751265999999998,18890.816068199998,990.2199998,-0.16626820000000003,0.6015115999999999,18169.579646,952.4673396000001,43.0,23.8,5583.25,0.826208089153617,0.45729657027572296,43.0,23.8,5583.25,0.826208089153617,0.45729657027572296,89.6,1.7215870880968391,109.394,,-0.27853753333333364,,,0.14800000000000002,20.619999999999997,896.0,,,,,691.8553334000001,0.068367,93.6,,0.7260000000000001
189,Sainte-Lucie,0.0,0.0,0.0,241.0,56.69,17.86,19.0,11.0,0.0,10.0,10.0,0.0,1.0,0.0,0.0,0.0,0.0,-10.0,-10.0,180.954,0.004811333370026538,0.91,-2.0033486000000003,-1.5134648,10629.4224246,1932.5955556000001,-1.3745418000000007,-0.8814566000000006,10034.6870188,1824.4769878,1153.0,1352.0,11725.8,6.371785094554417,7.471512096997026,1153.0,1352.0,11725.8,6.371785094554417,7.471512096997026,458.8,2.5354509985963283,97.09400000000001,98.97399999999999,0.07779108333333318,,,0.462,25.619999999999997,4588.0,8.282,,3.564,,1283.9757038000002,0.2546576,134.6,,0.96
191,Saint-Vincent-et-les Grenadines,0.0,0.0,0.0,243.0,72.31,15.06,25.1,8.0,0.0,9.0,8.0,0.0,0.0,0.0,0.0,0.0,1.0,-8.0,-9.0,109.827,0.002762003009917746,1.0,1.0813022,1.4110912000000002,7281.0485,802.4614816000001,1.5474859999999997,1.878856,7277.962049799999,802.1422672,454.4,454.4,10000.0,4.137416118076612,4.137416118076612,454.4,454.4,10000.0,4.137416118076612,4.137416118076612,251.0,2.2854125124058746,99.256,103.298,1.3367056499999999,6.24,0.1,0.36,29.913999999999998,2510.0,,,,,448.39999980000005,0.13622900000000002,188.2,6.24,0.9460000000000001
193,Sao Tomé-et-Principe,-0.0,0.0,0.0,33.0,9.47,2.1,3.21,2.0,0.0,2.0,2.0,0.0,1.0,0.0,0.0,0.0,1.0,-1.0,-2.0,207.089,0.018977899219680405,1.0,6.406985799999999,8.4333522,1936.6118474,409.7194958,6.4191196,8.445715400000001,1933.8462209999998,409.11662979999994,980.0,614.4,6289.0,4.732264871625243,2.966840344006683,1021.0,662.2,6505.8,4.930247381560585,3.1976589775410575,333.2,1.6089700563525826,,,7.500694266666668,12.940000000000001,0.1,0.066,23.743999999999996,2960.0,,,,,,,294.2,12.940000000000001,0.384
194,Arabie saoudite,0.0,0.0,0.0,151.0,43.36,9.38,15.57,1435.0,10.0,722.0,1435.0,0.0,616.0,0.0,0.0,0.0,-108.0,-819.0,-712.0,33101.179,0.02445859768168357,1.0,-0.14767919999999995,1.7349302000000004,21453.6727928,722625.6855474,-0.4192152,1.4582494000000001,21742.9765206,732284.0367654001,628355.0,732000.0,11633.8,18.982858586396578,22.114015938828043,633744.8,732646.6,11545.0,19.14568662342813,22.133549986240673,195747.2,5.913602050247214,95.334,98.71600000000001,3.0796835333333332,3.7600000000000002,1.26,0.01,48.032,1957472.0,,,,,,,7.8,3.7600000000000002,-0.5980000000000001
195,Sénégal,0.0,0.0,0.0,16.0,4.76,1.0,1.61,77.0,0.0,0.0,73.0,4.0,77.0,0.0,0.0,0.0,-0.0,0.0,0.0,15419.355,0.02845466025987642,0.95,3.7141212,6.627763,1395.5627147999999,22174.458797,3.653956,6.5658596000000005,1355.6103518,21539.692569400002,72556.4,104893.0,14443.6,4.705540536552923,6.802684029260628,72556.4,104893.0,14443.6,4.705540536552923,6.802684029260628,74582.8,4.83695978204017,118.886,,2.1208466500000003,8.14,1.2600000000000002,0.084,16.912,745828.0,1236.622,1157.936,7.618,93.56400000000001,5034.7643450000005,1.8897996,45.2,8.14,-0.068
197,Sierra Leone,0.0,0.0,0.0,10.0,3.97,0.52,1.24,30.0,0.0,14.0,30.0,1.0,17.0,0.0,0.0,0.0,-0.0,-13.0,-14.0,7488.423,0.02200632275867509,1.0,-4.113099200000001,-2.0508394,512.5313002,3919.1516599999995,-4.3749272,-2.3182465999999997,505.8858378000001,3867.9862743999997,19722.4,16862.0,8547.8,2.633718741582841,2.251742456322246,20812.6,18170.2,8730.2,2.7793034661637037,2.4264387842406876,22129.0,2.955094817693926,89.75399999999999,,14.47122906666667,27.22,2.0799999999999996,0.052000000000000005,22.294,210766.0,930.5899999999999,919.9199999999998,3.96,98.9,,,65.2,27.22,-0.11600000000000002
198,Slovénie,0.0,0.0,0.0,83.0,24.41,5.05,8.72,52.0,29.0,20.0,51.0,0.0,72.0,-0.0,0.0,2.0,11.0,20.0,9.0,2076.394,0.001605912298950407,0.98,4.490109599999999,4.569148199999999,24575.5399372,51051.502489399994,4.9887581999999995,5.068207800000001,24186.3383702,50243.215887000006,37846.8,63488.4,16771.0,18.227176537786185,30.57627791257344,38316.2,68792.0,17948.2,18.453241533157964,33.13051376569187,3994.0,1.9235270377394658,93.51599999999999,120.998,2.1907509833333334,2.5,0.21999999999999997,0.064,9.176,38348.0,46.758,43.586,0.9640000000000001,93.328,,,6.0,2.5,0.8559999999999999
199,Slovaquie,0.0,0.0,0.0,48.0,13.9,3.04,4.74,74.0,35.0,63.0,76.0,0.0,71.0,-7.0,0.0,5.0,26.0,-3.0,-28.0,5447.9,0.0012047743654748921,1.03,3.485785,3.577587,18380.416164600003,100215.46017440001,3.7785452,3.8705968,18066.1013684,98502.2319882,45272.25,69472.5,15346.0,8.310036894950349,12.752161383285303,44018.2,68115.4,15463.6,8.079847280603536,12.503056223498962,12405.4,2.2770975972393033,94.864,97.71400000000001,2.33154325,4.28,0.21999999999999997,0.066,20.936,121222.0,67.328,49.339999999999996,2.4280000000000004,73.574,20781.578166,,5.0,4.28,0.736
202,Afrique du Sud,0.0,0.0,0.0,143.0,35.69,9.25,14.11,2118.0,63.0,514.0,2035.0,83.0,1667.0,0.0,0.0,0.0,-0.0,-451.0,-451.0,57009.756,0.015125768240038029,0.96,-1.7473316,-0.39013939999999964,5771.8272022,333402.7710982,-1.6605131999999998,-0.30240159999999927,5612.767837199999,324230.3933324,936740.4,1752145.4,18708.6,16.43122977056769,30.734132593024952,938054.4,1759447.8,18760.2,16.45427845718196,30.862222950050864,176126.0,3.0894010491818276,109.952,123.954,5.923104116666666,5.960000000000001,3.439999999999999,0.02,12.446,1750294.0,3092.6279999999997,,5.548,,,,6.0,5.960000000000001,-0.23200000000000004
203,Espagne,0.0,0.0,0.0,105.0,30.39,5.72,12.47,1497.0,212.0,205.0,1418.0,66.0,1515.0,-0.0,0.0,13.0,11.0,18.0,7.0,46647.428,-0.0015107310561539578,0.95,1.5462108000000003,1.5821484000000001,28441.024607599997,1328028.0345033999,1.6647296,1.7006708000000004,28515.267955,1331496.2759764,699803.8,1360676.8,19442.2,15.001980387857612,29.1693852874375,727389.6,1571572.4,21603.2,15.593348469287523,33.69044055333554,137633.0,2.950494934040093,99.73800000000001,98.376,1.5351584333333332,2.5,,0.05,8.161999999999999,1376000.0,793.836,726.536,3.11,91.52000000000001,647165.46982,,8.0,2.5,0.33799999999999997
207,Suriname,0.0,0.0,7.0,112.0,31.06,7.97,9.27,25.0,5.0,18.0,18.0,0.0,10.0,0.0,0.0,0.0,-2.0,-15.0,-13.0,570.496,0.01043551863349046,0.72,-3.031096000000002,-2.1010304,6383.718509199999,3680.3887857999994,-5.433369000000001,-4.5259040000000015,6040.1034772,3480.8007817999996,5866.6,9416.0,16049.4,10.283332398474311,16.50493605564281,6275.6,10072.6,16038.8,11.00025241193628,17.655864370652907,6390.0,11.200779672425398,144.124,176.878,28.42939798333333,8.16,0.1,0.7059999999999998,63.11999999999999,59538.0,3.2,,,,735.329195,2.3748106,8.8,8.16,0.17600000000000002
208,Tadjikistan,0.0,0.0,0.0,18.0,4.45,1.31,1.45,40.0,0.0,38.0,39.0,0.0,2.0,0.0,0.0,0.0,-0.0,-38.0,-38.0,8880.268,0.024532886133897536,0.98,-2.659357,-0.28233039999999987,847.5981358000001,7718.296310799999,-2.9863954,-0.6175304,979.8994336,8923.9102442,3708.6,4838.2,12647.4,0.41762253121189585,0.5448258993985317,3708.6,4838.2,12647.4,0.41762253121189585,0.5448258993985317,7225.2,0.8136240933269131,86.526,75.954,7.958592416666667,,,0.014000000000000002,3.3240000000000003,72252.0,959.32,,44.974000000000004,,851.5941503999999,9.3478184,53.6,10.54,-0.648
209,Eswatini,0.0,0.0,0.0,22.0,6.46,1.37,2.23,7.0,0.0,2.0,7.0,0.0,6.0,0.0,0.0,0.0,0.0,-1.0,-2.0,1124.805,0.00862040301068856,1.0,-1.5847978,-0.6052678,3728.851055,4237.7931396,-1.9797006,-1.0036023999999997,3469.1183952,3942.311372,6049.4,6049.4,10000.0,5.3781766617324775,5.3781766617324775,6049.4,6049.4,10000.0,5.3781766617324775,5.3781766617324775,3800.0,3.3783633607603094,,,5.84349525,11.860000000000001,0.1,0.03,9.796000000000001,38000.0,37.67,33.45,10.81,,,,15.2,11.860000000000001,-0.304
210,Suède,0.0,0.0,0.0,61.0,16.6,3.39,7.09,187.0,23.0,84.0,164.0,0.0,157.0,-37.0,0.0,59.0,31.0,-30.0,-61.0,9904.896,0.007374889014279573,0.88,0.74638,1.427473,53903.812522199994,537414.3852508,1.1851879999999997,1.8692208000000003,54997.65139960001,548362.2199246,102989.6,154620.0,15007.8,10.397847690677418,15.610461735287275,103499.0,159008.0,15357.6,10.449276802098678,16.05347496833889,9789.8,0.9883798880876689,111.25999999999999,103.446,2.10392475,2.5,0.86,0.032,5.2219999999999995,96998.0,88.922,58.884,0.724,66.484,,,7.0,2.5,1.0
211,Suisse,0.0,0.0,0.0,55.0,15.72,3.07,6.49,133.0,4.0,51.0,133.0,0.0,91.0,0.0,0.0,0.0,5.0,-42.0,-47.0,8455.804,0.010529022620551609,1.0,0.5558706000000001,1.4077684,84936.5737796,723916.9997684,-0.42225899999999994,0.4208016,82715.824828,704889.0364712,74192.4,95982.0,12937.6,8.774139041065757,11.35101996214671,74531.8,97968.0,13145.4,8.81427715211942,11.585888225412983,11679.0,1.3811814937999982,98.51399999999998,99.77799999999999,0.45607023333333335,2.5,0.86,0.07800000000000001,6.0,115928.0,133.56,125.48600000000002,1.0299999999999998,94.342,1207563.1762,,3.0,2.5,1.282
213,Turkménistan,0.0,0.0,0.0,15.0,4.52,0.95,1.53,27.0,0.0,9.0,26.0,1.0,20.0,0.0,0.0,0.0,2.0,-7.0,-9.0,5757.667,0.017750716216203777,0.96,2.0245612,3.6779656000000003,6820.536475800001,39929.072384,3.2409051999999994,4.914543200000001,6732.821793,39431.3566574,16236.0,20130.2,12401.8,2.819892154235387,3.4962424884940373,16236.0,20130.2,12401.8,2.819892154235387,3.4962424884940373,16763.0,2.9114222826710887,94.55199999999999,94.55199999999999,,3.4799999999999995,0.2,0.0,5.1339999999999995,162656.0,,,,,,,5.2,3.4799999999999995,-0.162
214,"Chine, Taiwan Province de",0.0,0.0,0.0,126.0,33.17,8.7,11.01,785.0,8.0,161.0,785.0,0.0,652.0,-0.0,0.0,0.0,20.0,-133.0,-153.0,23674.546,0.00268927567769095,1.0,,,,,,,,,355851.0,600726.8,16869.0,15.030953497482065,25.374374655378823,395803.8,698351.0,17632.4,16.718538129516823,29.497967986376594,105208.8,4.443962726888195,,,,,,1.22,39.428,965236.0,556.402,,,,,,3.0,3.7,0.8400000000000001
215,République-Unie de Tanzanie,0.0,0.0,0.0,6.0,1.88,0.41,0.63,108.0,0.0,2.0,103.0,5.0,105.0,0.0,0.0,0.0,-0.0,-3.0,-2.0,54660.339,0.030434570074079514,0.95,3.3615361999999998,6.480832199999999,1040.021695,58735.919617199994,3.4064260000000006,6.527060599999999,1023.900719,57830.22031019999,105259.4,82391.4,7851.4,1.9256997290119258,1.5073342300346875,106589.2,83721.2,7877.8,1.9500281547833063,1.531662655806068,39187.2,0.7169220081126829,,,5.334013916666667,23.0,12.960000000000003,0.01,2.256,378286.0,14399.77,14555.476,9.0,98.38399999999999,7830.369385,7.544843,14.6,23.0,-0.47000000000000003
216,Thaïlande,0.0,0.0,0.0,47.0,12.95,3.19,4.35,881.0,796.0,2.0,896.0,32.0,1676.0,-48.0,0.0,0.0,1.0,795.0,794.0,69209.81,0.003885555629694837,1.02,4.480241400000001,4.8098598,6978.011663599999,484478.6282050001,4.976941600000001,5.3080072000000005,6694.1429278,464782.43593260006,1261796.8,1702316.8,13490.2,18.231473255019775,24.596466888147795,1289460.6,1768938.6,13717.8,18.63118248699137,25.55907320075001,293099.8,4.234945884116717,91.93599999999999,98.542,1.1130862000000001,7.959999999999999,5.52,0.12,32.872,2783086.0,11865.908,11345.794,9.552,95.614,455945.67862,0.6083272,3.6,7.959999999999999,-0.728
217,Togo,0.0,0.0,0.0,24.0,7.06,1.49,2.39,54.0,0.0,16.0,54.0,0.0,40.0,0.0,0.0,0.0,1.0,-14.0,-16.0,7698.474,0.025725761922166857,1.0,3.5210508,6.0933768,847.6427236,6694.434351999999,3.1282031999999997,5.690426199999999,854.9420389999999,6751.7658674,45825.4,40157.2,8767.0,5.952530332634753,5.21625454603081,45825.4,40157.2,8767.0,5.952530332634753,5.21625454603081,27981.2,3.6346423979609463,67.612,60.6,1.0431232833333335,20.36,1.6,0.07400000000000001,21.924,279812.0,714.52,703.26,4.04,98.42,1366.7940682,0.18460019999999996,25.8,20.36,-0.756
220,Trinité-et-Tobago,0.0,0.0,0.0,189.0,54.54,13.05,16.63,76.0,0.0,23.0,75.0,0.0,61.0,0.0,0.0,0.0,8.0,-15.0,-23.0,1384.059,0.005559762522812539,0.99,-3.4041089999999996,-2.9964868000000004,16507.5808726,22930.7281252,-3.1923926000000002,-2.7837874,16346.0822254,22706.3274844,32330.2,63001.8,19489.6,23.358975303798466,45.51959128909967,32330.2,63001.8,19489.6,23.358975303798466,45.51959128909967,37239.8,26.906222928357824,112.992,137.702,2.990906783333334,7.1,0.1,6.894,91.232,372398.0,19.85,,1.58,,4207.8478786,0.49583559999999993,9.4,7.1,0.21800000000000003
221,Oman,0.0,0.0,13.0,73.0,21.63,4.58,7.38,114.0,16.0,126.0,101.0,0.0,7.0,-0.0,0.0,0.0,2.0,-107.0,-110.0,4665.928,0.055165232176555834,0.89,-4.471733599999999,-0.9501506,14804.4906396,71113.28459279999,-4.9763732,-1.4766067999999999,13998.196769000002,67202.127498,8073.8,6459.0,8000.0,1.7303738934677089,1.3842905419886462,8073.8,6459.0,8000.0,1.7303738934677089,1.3842905419886462,4756.8,1.0194756541463992,,,0.23420710000000003,8.66,0.42000000000000004,0.03,5.7379999999999995,47568.0,113.27000000000001,,5.25,,55078.377113999995,0.24294420000000003,9.2,8.66,0.624
222,Tunisie,0.0,0.0,0.0,57.0,17.03,3.39,6.28,195.0,4.0,0.0,195.0,0.0,213.0,-0.0,0.0,0.0,15.0,18.0,4.0,11433.443,0.010791382741231648,1.0,-2.9693221999999997,-1.8854580000000003,3457.5604488,39957.429516,-2.8686023999999994,-1.7838682,3344.5800312,38650.8336594,88262.4,141680.0,16068.8,7.719669394424759,12.391717875359156,100275.0,221659.4,22124.8,8.770324039749006,19.38693357722604,105635.2,9.23914170036095,110.75,117.54400000000001,5.4305132333333335,2.6399999999999997,0.2,0.098,37.374,938146.0,508.424,388.64,8.212,89.43,24423.242338000004,,13.2,2.6399999999999997,-0.906
223,Turquie,0.0,0.0,0.0,71.0,20.64,4.5,6.99,1674.0,429.0,3.0,1674.0,0.0,2192.0,0.0,0.0,0.0,92.0,518.0,426.0,81116.45,0.016670924399710796,1.0,-4.8901158,-3.5202219999999995,9719.6146076,797649.6326499999,-4.811327199999999,-3.440696,9553.265264799998,784033.1083704,1136352.6,2089865.0,18613.0,14.008904482383045,25.76376308381346,1143804.2,2150742.2,19025.0,14.10076747688046,26.514254506946497,355153.4,4.378315372529247,164.78,156.26600000000002,14.0991362,2.5,0.2,0.092,17.836000000000002,3494578.0,5175.758,5094.46,2.956,98.51200000000001,421978.98382,0.024259999999999997,6.0,2.5,-1.536
225,Émirats arabes unis,0.0,0.0,0.0,147.0,43.47,9.25,14.8,412.0,94.0,433.0,412.0,0.0,48.0,-0.0,0.0,0.0,-26.0,-364.0,-339.0,9487.203,0.007782203153708367,1.0,-0.9099937999999999,0.4039828000000011,40322.3989498,388190.0062294,-1.0703217999999999,0.2415198,40466.1322032,389551.5313724,41167.2,50887.2,12369.0,4.3392346511400675,5.363772652487778,41167.2,50887.2,12369.0,4.3392346511400675,5.363772652487778,24438.0,2.575890913264953,,,1.6215708333333332,6.1,0.6,0.632,21.909999999999997,244380.0,93.944,80.31200000000001,1.582,82.55,414278.01226,0.1148836,5.0,6.1,0.64
226,Ouganda,0.0,0.0,0.0,5.0,1.52,0.32,0.51,66.0,0.0,0.0,62.0,3.0,65.0,0.0,0.0,0.0,-0.0,-1.0,0.0,41166.588,0.03630202592976445,0.94,2.0394386,5.770052,806.4329752,34516.49946179999,2.0132398,5.7418438,788.4042800000001,33744.9243258,49557.4,67038.8,13526.6,1.203825782209592,1.6284759863994558,49557.4,67038.8,13526.6,1.203825782209592,1.6284759863994558,34782.2,0.8449133554619584,,,3.2418242666666672,,,0.022,3.5379999999999994,347822.0,8614.052,8409.916000000001,24.848000000000003,97.614,3999.4476944000003,12.290275399999999,24.2,,-0.692
229,Royaume-Uni de Grande-Bretagne et d'Irlande du Nord,0.0,0.0,0.0,120.0,31.94,6.74,13.77,2234.0,359.0,779.0,2131.0,0.0,1814.0,0.0,0.0,102.0,0.0,-420.0,-420.0,66727.461,0.0066407614586878605,0.95,-1.8054650000000003,-1.2087681999999997,41613.7031762,2793106.3365060003,-1.6159068,-1.0178838,41011.399382999996,2752774.6482376,1106800.0,1705600.0,15407.8,16.586874180631572,25.560690822628484,1134822.6,1885382.6,16614.2,17.006830216423193,28.254972866418523,177823.2,2.6649178214648392,97.19000000000001,114.226,0.8141489333333334,2.5,,0.098,11.072,1716000.0,350.056,308.23400000000004,0.578,88.19000000000001,3477975.0078000003,0.6983674000000001,11.4,2.5,0.368
230,Ukraine,0.0,0.0,0.0,78.0,22.62,5.11,7.58,1009.0,273.0,121.0,1006.0,0.0,1211.0,0.0,0.0,3.0,49.0,202.0,152.0,44487.709,-0.004441680127692638,1.0,12.2144374,11.6144494,2924.9119636,129191.9026726,12.7902576,12.187368399999999,3000.8662906,132542.10778999998,675939.8,1244378.0,18435.0,15.193855003861854,27.971276291166173,694424.8,1309255.8,18878.4,15.609363026538409,29.429607175321166,207514.4,4.6645332983993395,141.094,150.65,8.977591333333333,2.5799999999999996,1.12,0.046,32.47,1903812.0,2499.3399999999997,,7.372,,30170.780466000004,,8.0,2.5799999999999996,-1.636
231,États-Unis d'Amérique,0.0,0.0,89.0,219.0,55.68,14.83,19.93,18266.0,3692.0,123.0,18100.0,0.0,21914.0,-0.0,0.0,77.0,80.0,3648.0,3569.0,325084.756,0.0067922548706420005,0.99,2.1905241999999996,2.8276982,61725.227932999995,20193643.2,2.0645714000000006,2.7009102,62879.2747424,20571123.4,9161301.4,19616036.4,21406.2,28.181270363843208,60.34129880885586,9422107.2,22344692.6,23711.2,28.98354052627432,68.73497507216241,9269151.0,28.5130287684114,91.566,92.94199999999998,0.6655106333333333,2.5,0.1,,,,2659.5780000000004,1812.1119999999999,1.294,68.144,9387012.2,0.8078044,8.0,2.5,0.24399999999999994
233,Burkina Faso,0.0,0.0,0.0,8.0,2.27,0.48,0.77,46.0,0.0,0.0,44.0,2.0,46.0,0.0,0.0,0.0,-0.0,0.0,0.0,19193.234,0.029700591201595017,0.96,5.043245199999999,8.1001154,770.8334806,15272.0186224,5.3005036,8.364905400000001,742.5883134,14714.39672,55254.8,44204.0,8000.0,2.8788686679899804,2.3031032706629846,55254.8,44204.0,8000.0,2.8788686679899804,2.3031032706629846,37891.4,1.9742061186770297,107.022,106.27800000000002,0.7795647999999995,13.9,2.78,0.03,4.3,378914.0,1166.27,1132.91,5.12,97.14,3843.0122822000003,3.6545668000000004,12.8,13.9,-1.142
234,Uruguay,0.0,0.0,0.0,33.0,9.12,2.23,2.97,33.0,3.0,3.0,31.0,0.0,33.0,0.0,0.0,2.0,0.0,0.0,0.0,3436.641,0.003463230059853939,0.94,-1.2690792,-0.9139881999999998,17447.384854599997,60169.1552976,-1.4725436000000003,-1.1181882,16536.3864972,57027.37846580001,30833.0,31754.8,10296.2,8.971841981749039,9.240069009244783,31226.4,32543.0,10419.4,9.086314223685278,9.469420867643725,37144.4,10.808344543407356,111.43000000000002,144.618,8.677096266666666,2.5,1.12,0.024,3.9019999999999997,367508.0,136.81,120.662,6.526000000000001,89.39200000000001,9286.881298600001,0.44072200000000006,13.2,2.5,1.046
235,Ouzbékistan,0.0,0.0,0.0,6.0,1.96,0.4,0.63,67.0,0.0,8.0,67.0,0.0,58.0,0.0,0.0,0.0,-2.0,-9.0,-8.0,31959.785,0.01651721873778028,1.0,-7.0816968000000005,-5.6083976,1895.633294,61353.06263859999,-7.246929199999999,-5.776116199999999,1928.9837294000001,62433.938422,28404.0,60998.8,21484.0,0.8887418986078911,1.908611087339918,28404.0,60998.8,21484.0,0.8887418986078911,1.908611087339918,63067.2,1.9733299207112938,,,15.437384599999998,2.5,1.6,0.022000000000000002,5.854000000000001,623988.0,,,,,,,13.4,2.5,-0.306
236,Venezuela (République bolivarienne du),0.0,0.0,0.0,71.0,20.28,4.39,7.23,626.0,0.0,25.0,596.0,30.0,600.0,0.0,0.0,0.0,-1.0,-26.0,-25.0,29402.484,-0.0031524563091473445,0.95,-19.795009,-20.711822399999996,6833.2906206,199398.53553500003,-20.9139074,-21.780434800000002,6178.574951799999,180531.28976979997,277783.0,466657.2,16818.8,9.447603134483467,15.87135291018269,277783.0,466657.2,16818.8,9.447603134483467,15.87135291018269,128479.4,4.369678425809194,,,37364.69980264999,21.82,6.32,0.06,9.058,1284794.0,1089.552,1006.5640000000001,4.488,92.332,,,13.0,21.82,-1.3399999999999999
237,Viet Nam,0.0,0.0,0.0,48.0,12.33,3.4,4.01,1206.0,1.0,291.0,1166.0,39.0,918.0,0.0,0.0,0.0,2.0,-288.0,-290.0,94600.648,0.010435908757192858,0.97,5.9860278,7.032060200000001,2525.0287434,241469.87698140004,5.839270000000001,6.8837136,2377.488322,227352.7898802,502181.4,900670.0,17889.4,5.308435096554518,9.520759308118059,618180.8,1039869.4,16786.0,6.534635999533534,10.992201660183131,414731.0,4.3840185957288575,106.766,101.51,3.7290338999999997,6.74,6.44,0.274,21.8,3362822.0,19319.412,17913.18,8.504,88.998,322554.78018,,5.4,6.74,0.096
238,Éthiopie,0.0,0.0,0.0,0.0,0.13,0.03,0.04,14.0,0.0,1.0,14.0,1.0,14.0,0.0,0.0,0.0,0.0,0.0,-1.0,106399.924,0.027695504892561007,1.0,6.185642199999999,9.008123999999999,763.7644809999999,83667.08818539997,5.5835984,8.389576,759.8692684,83238.4940448,84242.2,67394.0,8000.0,0.7917505655361182,0.6334027080696035,84242.2,67394.0,8000.0,0.7917505655361182,0.6334027080696035,56184.0,0.5280454899573048,139.67000000000002,121.41399999999999,14.497062166666666,19.02,20.939999999999998,0.014000000000000002,1.2560000000000002,561840.0,25215.52,25031.93,14.2,99.27,20727.91285,4.303267199999999,64.2,19.02,-1.5260000000000002
244,Samoa,2.0,0.0,0.0,217.0,64.77,13.68,21.88,15.0,0.0,17.0,13.0,0.0,0.0,-0.0,0.0,0.0,2.0,-15.0,-17.0,195.352,0.006020808185857207,0.87,-0.7739041999999999,-0.2794045999999998,4178.3779924,820.1082220000001,-0.9723296000000001,-0.47819839999999997,4043.400343999999,793.6004282,465.8,372.6,7998.8,2.38441377615791,1.907326262336705,465.8,372.6,7998.8,2.38441377615791,1.907326262336705,436.6,2.2349400057332405,,,2.516201216666667,4.5200000000000005,0.1,0.078,7.004,4366.0,7.586,8.282,2.802,95.45,,,190.0,4.5200000000000005,1.174
249,Yémen,0.0,0.0,0.0,30.0,8.53,1.85,3.04,246.0,0.0,78.0,237.0,8.0,168.0,0.0,0.0,0.0,-0.0,-78.0,-78.0,27834.819,0.025711548742735568,0.96,-0.7324423999999997,1.6352261999999995,832.5979246,23776.846283,-0.6007710000000002,1.7703257999999997,829.4511855999999,23687.180762199998,183327.2,180435.0,9834.2,6.586254431904156,6.4823486008657,183327.2,180435.0,9834.2,6.586254431904156,6.4823486008657,67126.8,2.411612592127867,52.574,117.614,8.404471249999999,44.32,12.6,0.03,15.35,671268.0,1226.27,1188.93,14.02,96.95,2497.174368,,214.0,44.32,-2.836
251,Zambie,0.0,0.0,0.0,11.0,3.42,0.72,1.15,60.0,1.0,12.0,58.0,2.0,49.0,0.0,0.0,0.0,-0.0,-11.0,-11.0,16853.599,0.03082142637073315,0.97,-4.5551395999999995,-1.7140254000000001,1330.4939462,23010.633517,-4.8150189999999995,-1.9823898000000006,1294.0261288,22390.775885400002,47908.6,49608.8,10353.4,2.84263319662465,2.9435137266526876,47908.6,49608.8,10353.4,2.84263319662465,2.9435137266526876,39628.4,2.351331605789363,,128.54000000000002,12.256499966666667,,,0.02,14.244,396284.0,2833.634,2470.434,13.725999999999999,97.01400000000001,2551.6965228,,4.2,32.38,0.028000000000000004
255,Belgique,0.0,0.0,0.0,44.0,12.65,2.71,4.57,152.0,656.0,338.0,144.0,0.0,463.0,-25.0,0.0,33.0,-6.0,311.0,318.0,11419.748,0.005903651300223078,0.95,1.9988788,2.5400504,44931.2044376,515785.6223440001,1.9247514000000003,2.4654488,45360.520347,520715.1320378,300783.0,450445.4,14975.2,26.338847407140683,39.444425568760366,301562.6,457955.6,15185.6,26.407115113223163,40.10207580762728,30080.6,2.6340861462091807,94.422,97.67,1.8648999666666666,2.5,0.1,0.22599999999999998,7.502,304384.0,49.534,47.647999999999996,0.334,100.0,258135.06412,,7.0,2.5,0.466
256,Luxembourg,0.0,0.0,0.0,69.0,18.33,4.28,7.19,11.0,1.0,11.0,11.0,0.0,0.0,0.0,0.0,0.0,0.0,-11.0,-10.0,591.91,0.022002547477650958,1.0,2.0848584000000003,4.1365668,113502.128938,68544.13967939999,2.5030934,4.563884399999999,72038.74991599999,43518.7197724,78.6,107.0,13614.0,0.13279045800881892,0.18077072527918098,78.6,107.0,13614.0,0.13279045800881892,0.18077072527918098,124.8,0.21084286462468957,91.106,91.388,2.1380748166666668,2.5,,0.01,0.6100000000000001,1248.0,2.436,2.412,0.322,,,,13.4,2.5,1.3380000000000003
272,Serbie,0.0,0.0,0.0,35.0,10.16,2.24,3.5,90.0,7.0,12.0,90.0,0.0,85.0,-0.0,0.0,0.0,0.0,-5.0,-5.0,8829.628,-0.0025118724444037066,1.0,6.600305400000001,6.213481400000001,6855.201034,48072.332723399995,6.977341200000001,6.5892212,6510.1276504,45650.455571800005,60884.6,99343.8,16560.8,6.89548868876469,11.251187479246012,61085.2,99343.8,16506.8,6.918207652689331,11.251187479246012,15947.4,1.8061236554926208,90.226,98.09599999999999,1.9967693999999998,3.8,0.34,0.044000000000000004,9.654,156150.0,462.48400000000004,451.838,2.8500000000000005,96.374,10988.980304599998,,7.8,3.8,0.016000000000000004
273,Monténégro,0.0,0.0,0.0,55.0,15.98,3.37,5.79,10.0,0.0,8.0,10.0,0.0,4.0,0.0,0.0,0.0,1.0,-6.0,-8.0,627.563,0.00048579971409418166,1.0,3.8420974,3.880040800000001,7986.9128774,5013.8211162,3.4626402,3.5004478,8062.7754814,5061.4362798,2952.8,3669.8,12443.0,4.705184977444496,5.847699752853499,2952.8,3669.8,12443.0,4.705184977444496,5.847699752853499,729.4,1.1622737478149603,,,1.2162379333333333,2.5,0.16,0.03,8.145999999999999,7294.0,17.698,,1.096,,,,126.6,2.5,0.066
276,Soudan,0.0,0.0,0.0,5.0,1.6,0.34,0.54,69.0,0.0,2.0,65.0,3.0,67.0,0.0,0.0,0.0,0.0,-2.0,-2.0,40813.397,0.024324527377569072,0.94,3.9962867999999987,6.515800999999999,1725.7285734000002,71412.03894880001,0.9284384000000003,3.373706199999998,1640.8187822,67940.97043379999,33034.0,71671.4,21672.2,0.8093910928316014,1.7560753396733921,33034.0,71671.4,21672.2,0.8093910928316014,1.7560753396733921,49304.8,1.2080543062857523,,,64.18374188333334,11.98,5.0,0.01,1.674,493048.0,3218.78,3107.12,19.46,96.53,8299.5104684,,52.0,11.98,-1.9200000000000004
