﻿Code Domaine,Domaine,Code zone (M49),Zone,Code Élément,Élément,Code Produit (CPC),Produit,Code année,Année,Unité,Valeur,Symbole,Description du Symbole
"FBS","Bilans Alimentaires (2010-)","860","Ouzbékistan","5511","Production","S2734","Viande de Volailles","2017","2017","Milliers de tonnes","58","I","Valeur imputée"
"FBS","Bilans Alimentaires (2010-)","860","Ouzbékistan","5611","Importations - Quantité","S2734","Viande de Volailles","2017","2017","Milliers de tonnes","8","I","Valeur imputée"
"FBS","Bilans Alimentaires (2010-)","860","Ouzbékistan","5072","Variation de stock","S2734","Viande de Volailles","2017","2017","Milliers de tonnes","-2","I","Valeur imputée"
"FBS","Bilans Alimentaires (2010-)","860","Ouzbékistan","5911","Exportations - Quantité","S2734","Viande de Volailles","2017","2017","Milliers de tonnes","0","I","Valeur imputée"
"FBS","Bilans Alimentaires (2010-)","860","Ouzbékistan","5301","Disponibilité intérieure","S2734","Viande de Volailles","2017","2017","Milliers de tonnes","67","I","Valeur imputée"
"FBS","Bilans Alimentaires (2010-)","860","Ouzbékistan","5123","Pertes","S2734","Viande de Volailles","2017","2017","Milliers de tonnes","0","I","Valeur imputée"
"FBS","Bilans Alimentaires (2010-)","860","Ouzbékistan","5170","Résidus","S2734","Viande de Volailles","2017","2017","Milliers de tonnes","0","I","Valeur imputée"
"FBS","Bilans Alimentaires (2010-)","860","Ouzbékistan","5142","Nourriture","S2734","Viande de Volailles","2017","2017","Milliers de tonnes","67","I","Valeur imputée"
"FBS","Bilans Alimentaires (2010-)","860","Ouzbékistan","645","Disponibilité alimentaire en quantité (kg/personne/an)","S2734","Viande de Volailles","2017","2017","kg","2.11","E","Valeur estimée"
"FBS","Bilans Alimentaires (2010-)","860","Ouzbékistan","664","Disponibilité alimentaire (Kcal/personne/jour)","S2734","Viande de Volailles","2017","2017","Kcal/personne/jour","7","E","Valeur estimée"
"FBS","Bilans Alimentaires (2010-)","860","Ouzbékistan","661","Disponibilité alimentaire (Kcal)","S2734","Viande de Volailles","2017","2017","kcal","82102","I","Valeur imputée"
"FBS","Bilans Alimentaires (2010-)","860","Ouzbékistan","674","Disponibilité de protéines en quantité (g/personne/jour)","S2734","Viande de Volailles","2017","2017","g/personne/jour","0.71","E","Valeur estimée"
"FBS","Bilans Alimentaires (2010-)","860","Ouzbékistan","671","Disponibilité de protéines en quantité (g)","S2734","Viande de Volailles","2017","2017","g","8276","I","Valeur imputée"
"FBS","Bilans Alimentaires (2010-)","860","Ouzbékistan","684","Disponibilité de matière grasse en quantité (g/personne/jour)","S2734","Viande de Volailles","2017","2017","g/personne/jour","0.44","E","Valeur estimée"
"FBS","Bilans Alimentaires (2010-)","860","Ouzbékistan","681","Disponibilité de matière grasse en quantité (g)","S2734","Viande de Volailles","2017","2017","g","5182","I","Valeur imputée"
"FBS","Bilans Alimentaires (2010-)","418","République démocratique populaire lao","5511","Production","S2734","Viande de Volailles","2017","2017","Milliers de tonnes","33","I","Valeur imputée"
"FBS","Bilans Alimentaires (2010-)","418","République démocratique populaire lao","5611","Importations - Quantité","S2734","Viande de Volailles","2017","2017","Milliers de tonnes","5","I","Valeur imputée"
"FBS","Bilans Alimentaires (2010-)","418","République démocratique populaire lao","5072","Variation de stock","S2734","Viande de Volailles","2017","2017","Milliers de tonnes","0","I","Valeur imputée"
"FBS","Bilans Alimentaires (2010-)","418","République démocratique populaire lao","5301","Disponibilité intérieure","S2734","Viande de Volailles","2017","2017","Milliers de tonnes","38","I","Valeur imputée"
"FBS","Bilans Alimentaires (2010-)","418","République démocratique populaire lao","5171","Alimentation pour touristes","S2734","Viande de Volailles","2017","2017","Milliers de tonnes","0","I","Valeur imputée"
"FBS","Bilans Alimentaires (2010-)","418","République démocratique populaire lao","5170","Résidus","S2734","Viande de Volailles","2017","2017","Milliers de tonnes","0","I","Valeur imputée"
"FBS","Bilans Alimentaires (2010-)","418","République démocratique populaire lao","5142","Nourriture","S2734","Viande de Volailles","2017","2017","Milliers de tonnes","38","I","Valeur imputée"
"FBS","Bilans Alimentaires (2010-)","418","République démocratique populaire lao","645","Disponibilité alimentaire en quantité (kg/personne/an)","S2734","Viande de Volailles","2017","2017","kg","5.42","E","Valeur estimée"
"FBS","Bilans Alimentaires (2010-)","418","République démocratique populaire lao","664","Disponibilité alimentaire (Kcal/personne/jour)","S2734","Viande de Volailles","2017","2017","Kcal/personne/jour","22","E","Valeur estimée"
"FBS","Bilans Alimentaires (2010-)","418","République démocratique populaire lao","661","Disponibilité alimentaire (Kcal)","S2734","Viande de Volailles","2017","2017","kcal","54861","I","Valeur imputée"
"FBS","Bilans Alimentaires (2010-)","418","République démocratique populaire lao","674","Disponibilité de protéines en quantité (g/personne/jour)","S2734","Viande de Volailles","2017","2017","g/personne/jour","1.76","E","Valeur estimée"
"FBS","Bilans Alimentaires (2010-)","418","République démocratique populaire lao","671","Disponibilité de protéines en quantité (g)","S2734","Viande de Volailles","2017","2017","g","4454","I","Valeur imputée"
"FBS","Bilans Alimentaires (2010-)","418","République démocratique populaire lao","684","Disponibilité de matière grasse en quantité (g/personne/jour)","S2734","Viande de Volailles","2017","2017","g/personne/jour","1.56","E","Valeur estimée"
"FBS","Bilans Alimentaires (2010-)","418","République démocratique populaire lao","681","Disponibilité de matière grasse en quantité (g)","S2734","Viande de Volailles","2017","2017","g","3971","I","Valeur imputée"
